p0,p1,p2,p3,p4,p5,objective,predicted,elapsed_sec
 , , ,128,16,32,28.303242,1.5515451211521734,267.1451778411865
 , , ,32,100,256,14.610287,1.568368202457186,409.1487164497376
 , , ,4,4,256,15.493576,1.5689651366920976,556.9858677387238
 , , ,4,32,256,14.7082535,1.569469444543635,697.9773902893066
 , , ,8,4,20,32.878605,1.574433709452029,997.2787480354308
 , ,"#pragma clang loop(i1,j1,k1,i2,j2) interchange permutation(j1,k1,i1,j2,i2)",80,100,8,44.530514,1.5804031965995533,1402.9599618911743
 , ,"#pragma clang loop(i1,j1,k1,i2,j2) interchange permutation(j1,k1,i1,j2,i2)",4,8,20,31.9427325,1.5828434618397074,1702.2142906188965
 , , ,100,100,8,40.972932,1.5985392491091686,2084.3440613746643
 , , ,16,2048,20,31.876854,1.5998518501346155,2385.588570594788
 , , ,32,16,256,14.676422,1.6002992778615943,2526.35942029953
 , ,"#pragma clang loop(i1,j1,k1,i2,j2) interchange permutation(j1,k1,i1,j2,i2)",16,32,16,32.760009499999995,1.6025503674156476,2827.3732571601868
 , , ,4,20,256,14.5855195,1.605725324343669,2968.8541736602783
 , ,"#pragma clang loop(i1,j1,k1,i2,j2) interchange permutation(j1,k1,i1,j2,i2)",4,100,16,39.0249185,1.6069914386199144,3330.027158260345
 , , ,8,32,80,28.0496295,1.6127093954447014,3594.0902626514435
 , , ,50,128,256,14.690107,1.6131135007918602,3736.562555074692
 , , ,128,8,32,28.9169535,1.6140636173784968,4005.815566778183
 , , ,16,64,256,14.889119,1.614066586210842,4147.148976802826
 , , ,4,16,20,31.64566,1.615639291819849,4440.106726408005
 , , ,96,64,80,34.4610415,1.615726707854764,4761.295845746994
 , , ,64,50,256,15.0957095,1.615751450196108,4904.616032600403
 , , ,128,50,8,40.961737,1.616086494092042,5287.401442527771
 , , ,20,2048,32,31.565563,1.6162328515215754,5574.276643753052
 , , ,4,80,256,14.5602215,1.6166985748145513,5715.476207017899
 , ,"#pragma clang loop(i1,j1,k1,i2,j2) interchange permutation(j1,k1,i1,j2,i2)",128,128,16,47.4168075,1.6167295736940053,6152.884130716324
 , , ,128,100,4,42.8322385,1.61688665754224,6551.94734454155
 , , ,4,80,80,28.3794825,1.6168968088379858,6818.784929275513
 , , ,100,32,64,31.3521455,1.616967400689785,7113.358648061752
 , ,"#pragma clang loop(i1,j1,k1,i2,j2) interchange permutation(j1,k1,i1,j2,i2)",32,100,16,38.9385045,1.617068286346818,7474.643131494522
 , ,"#pragma clang loop(i1,j1,k1,i2,j2) interchange permutation(j1,k1,i1,j2,i2)",8,100,256,17.2979405,1.6174044336614102,7638.402600049972
 , , ,32,4,20,30.7078925,1.617617833400656,7926.884897947311
 , , ,128,8,80,27.611506,1.6178339075629131,8184.571359872818
 , , ,4,16,4,37.196494,1.6178431727738238,8525.137565135956
 , , ,128,80,100,34.917047,1.6178688959516372,8843.53676533699
 , ,"#pragma clang loop(i1,j1,k1,i2,j2) interchange permutation(j1,k1,i1,j2,i2)",128,16,16,31.947315,1.6178748865203123,9142.534988164902
 , , ,100,32,256,15.039856,1.6181273799494755,9285.868098258972
 , , ,96,100,100,35.843663500000005,1.6183247721395766,9619.883973360062
 , , ,100,128,32,43.2660895,1.618381602918821,10020.328999996183
 , , ,8,100,80,29.0395845,1.618499693181555,10294.811840295792
 , , ,32,64,256,14.647914,1.6191569188981123,10437.698135137558
 , ,"#pragma clang loop(i1,j1,k1,i2,j2) interchange permutation(j1,k1,i1,j2,i2)",100,100,20,47.1439705,1.619215898916304,10869.23662352562
 , , ,96,128,256,14.82395,1.6193766111201409,11014.431437253952
 , ,"#pragma clang loop(i1,j1,k1,i2,j2) interchange permutation(j1,k1,i1,j2,i2)",8,100,8,38.673043,1.6195890152514063,11368.331392288208
 , , ,50,8,256,14.875848,1.619666540055642,11511.617130994797
 , , ,4,16,64,29.354112,1.619769888358534,11787.49331688881
 , , ,128,16,100,28.0505155,1.619823184984851,12050.556572198868
 , , ,100,16,256,14.599604,1.6199595343685116,12192.9431579113
 , , ,128,80,256,14.8794555,1.6200531804036795,12337.89301753044
 , , ,8,100,128,21.957013,1.6200944562905633,12547.553768873217
 , , ,50,128,4,39.912195,1.6201394297302252,12917.312368154526
 , , ,16,32,20,30.628277,1.6202545838067872,13204.491918563845
 , ,"#pragma clang loop(i1,j1,k1,i2,j2) interchange permutation(j1,k1,i1,j2,i2)",16,20,256,17.139834,1.6202624893694124,13366.736597537994
 , , ,50,20,32,29.5345495,1.6203808503547912,13644.824820041656
 , , ,32,8,80,27.5078535,1.6203929503713803,13901.232786178589
 , ,"#pragma clang loop(i1,j1,k1,i2,j2) interchange permutation(j1,k1,i1,j2,i2)",50,50,256,16.2268755,1.6204229434703363,14056.78889966011
 , ,"#pragma clang loop(i1,j1,k1,i2,j2) interchange permutation(j1,k1,i1,j2,i2)",32,4,16,31.245009,1.6205220848701458,14350.071319818497
 , , ,4,4,32,30.492629,1.6206997960669411,14632.533226251602
 , , ,128,8,128,21.630933,1.620723575977403,14839.234376430511
 , , ,8,8,8,38.487271500000006,1.6207748313704975,15192.985525608065
 , , ,96,20,100,28.4810255,1.6207852036377832,15459.0152323246
 , ,"#pragma clang loop(i1,j1,k1,i2,j2) interchange permutation(j1,k1,i1,j2,i2)",50,64,256,16.0471245,1.6208551349167692,15612.84203338623
 , , ,8,80,4,31.665817,1.6208821430017293,15902.4602560997
 , , ,96,2048,256,14.518439,1.620967617955578,16042.058021306992
 , , ,128,64,8,41.1701765,1.6214528758026003,16420.40581345558
 , , ,32,32,32,29.007614500000003,1.6215027201876029,16692.562937021255
 , ,"#pragma clang loop(i1,j1,k1,i2,j2) interchange permutation(j1,k1,i1,j2,i2)",32,100,128,28.287686,1.6215764232422023,16958.886095046997
 , ,"#pragma clang loop(i1,j1,k1,i2,j2) interchange permutation(j1,k1,i1,j2,i2)",32,100,8,40.45216,1.621737242024217,17335.266922712326
 , ,"#pragma clang loop(i1,j1,k1,i2,j2) interchange permutation(j1,k1,i1,j2,i2)",4,16,256,15.531195,1.621834673143295,17486.085224866867
 , , ,100,8,256,14.733506,1.62183895074052,17628.988434791565
 , , ,128,4,256,15.069279,1.622013861014478,17773.605783462524
 , ,"#pragma clang loop(i1,j1,k1,i2,j2) interchange permutation(j1,k1,i1,j2,i2)",8,128,80,34.1131565,1.6221693451075374,18089.17184138298
 , ,"#pragma clang loop(i1,j1,k1,i2,j2) interchange permutation(j1,k1,i1,j2,i2)",32,8,256,16.309847,1.6224507086036573,18245.96293854713
 , ,"#pragma clang loop(i1,j1,k1,i2,j2) interchange permutation(j1,k1,i1,j2,i2)",32,64,4,42.895374,1.6224592260439812,18638.248478889465
 , , ,96,64,16,34.58403199999999,1.6226085072560272,18955.86834716797
 , , ,16,128,256,14.454812,1.6226245901012528,19096.352708101276
 , , ,100,80,256,14.8405885,1.622647846162663,19240.121338129044
 , , ,16,64,20,32.655965,1.6227027848371296,19547.42099881172
 , ,"#pragma clang loop(i1,j1,k1,i2,j2) interchange permutation(j1,k1,i1,j2,i2)",32,2048,256,16.358432,1.6227055035458215,19703.902980327606
 , , ,64,8,50,29.9283525,1.622711139637132,19985.393930912014
 , , ,50,64,256,15.061045,1.6227181186334094,20129.06102180481
 , , ,50,128,32,31.3769485,1.6227787266863103,20421.93657612801
 , ,"#pragma clang loop(i1,j1,k1,i2,j2) interchange permutation(j1,k1,i1,j2,i2)",4,32,256,15.7097795,1.6228492264892231,20573.93696212769
 , , ,4,50,128,21.3698695,1.6229077479180876,20777.643273353577
 , , ,20,8,80,27.1724925,1.62291279056328,21032.35566735268
 , ,"#pragma clang loop(i1,j1,k1,i2,j2) interchange permutation(j1,k1,i1,j2,i2)",50,8,128,22.999578,1.6229150236869274,21245.23985528946
 , , ,50,100,256,14.7637505,1.6229320972339372,21387.021661520004
 , , ,50,16,256,14.616862,1.6229854454483776,21530.131724119183
 , ,"#pragma clang loop(i1,j1,k1,i2,j2) interchange permutation(j1,k1,i1,j2,i2)",128,128,256,15.7039645,1.6229944918046608,21680.60695886612
 , , ,4,64,80,28.8480285,1.623014965119802,21947.66111063957
 , , ,128,16,16,30.746495000000003,1.6230325426164192,22236.423993349075
 , , ,50,8,32,29.4095255,1.623071631653588,22514.003888607025
 , , ,32,100,32,29.805543,1.6231213947490706,22793.209057569504
 , , ,80,8,4,30.5201355,1.6231319476131372,23077.167536258698
 , ,"#pragma clang loop(i1,j1,k1,i2,j2) interchange permutation(j1,k1,i1,j2,i2)",100,16,256,15.97425,1.6231528594015363,23228.38185691833
 , , ,32,50,100,28.4091275,1.6231698750752486,23494.87133383751
 , , ,100,128,80,40.017974,1.623189636758098,23863.87067770958
 , , ,8,32,32,28.859603,1.623207201620398,24136.729483127598
 , , ,128,100,32,43.3538135,1.6232555828826822,24536.05972099304
 , , ,80,100,256,14.8158605,1.6232567769466706,24680.26312279701
 , , ,32,4,256,15.3613745,1.6232732911753671,24826.074884414676
 , ,"#pragma clang loop(i1,j1,k1,i2,j2) interchange permutation(j1,k1,i1,j2,i2)",128,32,32,30.7517415,1.6233304462077032,25112.569100141525
 , , ,16,128,64,30.8576005,1.6233415083785008,25402.489386320118
 , ,"#pragma clang loop(i1,j1,k1,i2,j2) interchange permutation(j1,k1,i1,j2,i2)",4,50,256,15.6699125,1.6233840936425232,25555.054243326187
 , , ,80,128,256,14.7396765,1.6234241341415436,25699.00866651535
 , , ,4,32,50,31.2989905,1.6234884433091987,25990.15477013588
 , , ,100,128,16,39.068919,1.6235063752883176,26352.45721077919
 , ,"#pragma clang loop(i1,j1,k1,i2,j2) interchange permutation(j1,k1,i1,j2,i2)",50,32,256,16.027096,1.6235327353307498,26508.126307487488
 , , ,50,20,256,14.6052425,1.6235338283082583,26648.686460256577
 , , ,96,8,8,34.7017865,1.6235378475941291,26975.25696825981
 , ,"#pragma clang loop(i1,j1,k1,i2,j2) interchange permutation(j1,k1,i1,j2,i2)",50,8,4,36.078012,1.623544207304177,27310.4490237236
 , , ,32,20,8,35.6361525,1.6235581119129032,27641.57511115074
 , , ,128,8,8,34.6786665,1.623571757970253,27987.86802458763
 , , ,128,128,256,15.838513,1.6235763921130697,28141.44516205788
 , ,"#pragma clang loop(i1,j1,k1,i2,j2) interchange permutation(j1,k1,i1,j2,i2)",50,128,128,31.652697,1.6236288237553882,28435.70978164673
 , , ,128,16,80,30.3917255,1.6236294288989075,28722.93538594246
 , , ,16,2048,256,15.6279545,1.6236537414459589,28873.72347927093
 , , ,32,128,8,40.0631795,1.6236764514029107,29248.46088910103
 , , ,4,64,32,33.013636500000004,1.6236897071993717,29555.14336037636
 , , ,64,100,100,36.740039,1.6237185775772294,29899.30497288704
 , ,"#pragma clang loop(i1,j1,k1,i2,j2) interchange permutation(j1,k1,i1,j2,i2)",4,100,256,16.6168845,1.6237217717464305,30057.24628162384
 , ,"#pragma clang loop(i1,j1,k1,i2,j2) interchange permutation(j1,k1,i1,j2,i2)",4,8,32,31.523791000000003,1.6237246032520185,30354.87679052353
 , , ,128,8,256,16.0404695,1.6237395095679643,30507.664875745773
 , ,"#pragma clang loop(i1,j1,k1,i2,j2) interchange permutation(j1,k1,i1,j2,i2)",128,32,256,16.934466999999998,1.6239033028579497,30668.924105405807
 , , ,96,4,8,39.367467000000005,1.6239097200523676,31015.755831718445
 , , ,96,16,128,25.1155245,1.6239212748170342,31250.04056048393
 , , ,96,80,4,42.310206,1.6239605305387037,31644.611725330356
 , , ,16,32,16,33.4693025,1.6239771073248854,31961.45582127571
 , , ,128,32,80,32.286323499999995,1.6239781688433903,32261.502539873123
 , , ,16,8,256,16.033792499999997,1.624032948127339,32413.946013450623
 , , ,128,50,50,37.8885535,1.6240472695226733,32768.47662830353
 , ,"#pragma clang loop(i1,j1,k1,i2,j2) interchange permutation(j1,k1,i1,j2,i2)",128,16,32,30.651207,1.624083060964126,33061.40516924858
 , , ,4,8,16,37.2386455,1.6241131107936142,33406.55376410484
 , , ,100,100,16,38.7185295,1.6241599384822982,33771.69121718407
 , , ,8,128,64,32.5673705,1.624173342725263,34076.51585674286
 , , ,128,32,4,43.258315,1.6241829756782686,34462.62504243851
 , ,"#pragma clang loop(i1,j1,k1,i2,j2) interchange permutation(j1,k1,i1,j2,i2)",32,128,256,17.348596999999998,1.624210631055094,34627.989439964294
 , , ,32,16,20,34.787652,1.6242153904878165,34937.578114271164
 , ,"#pragma clang loop(i1,j1,k1,i2,j2) interchange permutation(j1,k1,i1,j2,i2)",128,100,32,50.3205265,1.6242185422471107,35402.95899486542
 , , ,16,80,256,15.7549425,1.6242494944278518,35553.535150289536
 , , ,100,80,16,35.109434,1.624264331861119,35885.690741539
 , , ,8,16,128,24.400742,1.6243142658050715,36114.58188343048
 , , ,4,80,32,31.650379,1.6243365864623156,36409.394592523575
 , ,"#pragma clang loop(i1,j1,k1,i2,j2) interchange permutation(j1,k1,i1,j2,i2)",96,16,128,26.2064595,1.6243547517811316,36663.27417135239
 , , ,4,80,50,33.1460225,1.6243596248179697,36971.63137197495
 , ,"#pragma clang loop(i1,j1,k1,i2,j2) interchange permutation(j1,k1,i1,j2,i2)",100,100,32,50.367621,1.6243607016745325,37439.641963005066
 , , ,128,128,50,45.70115199999999,1.6243656860351632,37865.11450433731
 , , ,128,100,128,33.528543,1.6244383798735684,38183.71787714958
 , ,"#pragma clang loop(i1,j1,k1,i2,j2) interchange permutation(j1,k1,i1,j2,i2)",100,100,16,47.083836000000005,1.624444967045116,38614.32045030594
 , ,"#pragma clang loop(i1,j1,k1,i2,j2) interchange permutation(j1,k1,i1,j2,i2)",100,50,16,35.406040000000004,1.6244647607597251,38950.70189881325
 , , ,100,128,256,15.8441245,1.624474360131445,39104.17579007149
 , , ,100,100,256,15.856788,1.6244776152803262,39255.76504707336
 , , ,8,100,32,31.395956,1.6244967146275973,39552.66590476036
 , , ,32,32,8,37.7586515,1.624540545293252,39906.13168001175
 , , ,128,32,256,16.107421000000002,1.6245425881742364,40059.761992931366
 , , ,128,4,128,23.751551,1.6245520425278617,40283.08080673218
 , ,"#pragma clang loop(i1,j1,k1,i2,j2) interchange permutation(j1,k1,i1,j2,i2)",100,128,256,18.855013,1.6245809520090249,40448.22996163368
 , ,"#pragma clang loop(i1,j1,k1,i2,j2) interchange permutation(j1,k1,i1,j2,i2)",4,32,8,41.057764500000005,1.624586661232793,40826.11619901657
 , , ,96,100,256,16.0142175,1.6245872962904218,40980.02835416794
 , , ,16,16,256,15.873763,1.624590350454974,41136.18424510956
 , , ,32,32,20,33.5072265,1.6245910694893173,41449.747391462326
 , , ,96,128,8,42.6149345,1.6246070110505917,41834.33866930008
 , , ,128,4,80,29.0525505,1.6246315260224342,42104.70622825623
 , , ,128,128,64,45.014173,1.6246327011488102,42523.75862956047
 , , ,128,64,256,16.302958,1.624643626572349,42679.332305431366
 , , ,50,100,8,40.1460495,1.624646845999535,43056.25980734825
 , , ,4,80,8,35.4922395,1.6246489186104105,43391.46381211281
 , ,"#pragma clang loop(i1,j1,k1,i2,j2) interchange permutation(j1,k1,i1,j2,i2)",4,128,8,42.3224445,1.6246503214610222,43782.10468029976
 , , ,4,20,128,24.316368500000003,1.6246590602109705,44018.08508849144
 , , ,8,16,4,36.6473045,1.6246607812123022,44356.02361059189
 , , ,8,80,50,32.900322,1.624680266950476,44668.06288123131
 , ,"#pragma clang loop(i1,j1,k1,i2,j2) interchange permutation(j1,k1,i1,j2,i2)",4,100,32,40.58272100000001,1.624685961067987,45050.6946117878
 , ,"#pragma clang loop(i1,j1,k1,i2,j2) interchange permutation(j1,k1,i1,j2,i2)",128,8,256,16.8798645,1.6246929538899426,45211.15017652512
 , , ,16,32,80,30.1954295,1.624717469879223,45491.821076631546
 , , ,4,128,32,35.0668075,1.6247199566457875,45796.34453749657
 , , ,100,50,100,33.595343,1.624726434563749,46109.75047636032
 , , ,16,8,50,31.5643435,1.624731329745064,46407.30963897705
 , , ,8,50,256,15.6748545,1.6247352271288351,46557.34760475159
 , , ,4,8,80,28.9122495,1.624777246163112,46832.67130899429
 , , ,4,128,256,15.764672,1.6247784771145128,46983.00626254082
 , ,"#pragma clang loop(i1,j1,k1,i2,j2) interchange permutation(j1,k1,i1,j2,i2)",4,100,128,28.7535265,1.6247805264347686,47250.75805568695
 , , ,8,100,256,15.6512715,1.6247859493749777,47404.01326584816
 , , ,4,100,256,15.5727025,1.6247923920222602,47552.95622062683
 , ,"#pragma clang loop(i1,j1,k1,i2,j2) interchange permutation(j1,k1,i1,j2,i2)",50,16,256,16.9690255,1.6248036811137962,47715.52665042877
 , , ,96,16,80,30.307885,1.6248191091629065,48003.371747255325
 , , ,4,16,256,15.7460005,1.6248220591866425,48153.38454556465
 , , ,100,50,256,16.229759,1.6248281739946155,48308.66093349457
 , ,"#pragma clang loop(i1,j1,k1,i2,j2) interchange permutation(j1,k1,i1,j2,i2)",50,100,80,38.4083525,1.6248377505200169,48668.90053462982
 , ,"#pragma clang loop(i1,j1,k1,i2,j2) interchange permutation(j1,k1,i1,j2,i2)",96,128,32,49.514659,1.6248469212016523,49126.903879880905
 , ,"#pragma clang loop(i1,j1,k1,i2,j2) interchange permutation(j1,k1,i1,j2,i2)",100,32,256,16.844995500000003,1.624856829042724,49287.39577889442
 , , ,128,50,256,16.1496195,1.6248659290482177,49442.3022403717
 , , ,16,50,256,15.8466335,1.6248728756391355,49598.81425118446
 , , ,8,16,256,15.720088,1.6248740389065466,49749.34526729584
 , , ,128,100,80,43.742021,1.6248765606461075,50141.25322747231
 , , ,20,16,16,33.6005885,1.6248829775004587,50454.9697971344
 , , ,50,50,20,35.653882,1.624883517877337,50794.97662305832
 , ,"#pragma clang loop(i1,j1,k1,i2,j2) interchange permutation(j1,k1,i1,j2,i2)",16,100,16,39.2604825,1.624883602505519,51159.484990119934
 , , ,8,128,256,15.6160485,1.6249093180142344,51313.78401398659
 , ,"#pragma clang loop(i1,j1,k1,i2,j2) interchange permutation(j1,k1,i1,j2,i2)",4,80,8,40.267552,1.6249293948871355,51685.865337610245
 , ,"#pragma clang loop(i1,j1,k1,i2,j2) interchange permutation(j1,k1,i1,j2,i2)",96,32,256,16.862109,1.6249367452741144,51849.3949713707
 , , ,128,8,100,28.9519165,1.624937042894155,52119.8822722435
 , , ,4,16,8,32.040950499999994,1.624941061432258,52421.93372130394
 , , ,50,100,16,35.080178000000004,1.624943434437039,52747.81953620911
 , , ,128,128,80,41.773132,1.6249517998223608,53140.00914144516
 , ,"#pragma clang loop(i1,j1,k1,i2,j2) interchange permutation(j1,k1,i1,j2,i2)",96,128,256,16.884126000000002,1.62496924889523,53301.98414516449
 , , ,128,64,16,37.3748315,1.62497114540375,53654.08265638352
 , ,"#pragma clang loop(i1,j1,k1,i2,j2) interchange permutation(j1,k1,i1,j2,i2)",100,32,80,35.059482,1.624976086932762,53979.0593392849
 , ,"#pragma clang loop(i1,j1,k1,i2,j2) interchange permutation(j1,k1,i1,j2,i2)",100,8,64,30.1557035,1.624977253251247,54265.33159947395
 , , ,128,2048,64,50.119272,1.624978007286165,54710.85419988632
 , , ,100,100,100,39.1583625,1.624999623619654,55074.34842634201
 , ,"#pragma clang loop(i1,j1,k1,i2,j2) interchange permutation(j1,k1,i1,j2,i2)",96,100,80,42.7536425,1.6250010840347446,55474.75402903557
 , , ,80,80,32,33.401137000000006,1.6250046737530122,55784.53427696228
 , , ,32,128,256,15.911503,1.6250066094441258,55941.20471024513
 , , ,100,8,4,33.444055500000005,1.6250067006048623,56252.94792675972
 , ,"#pragma clang loop(i1,j1,k1,i2,j2) interchange permutation(j1,k1,i1,j2,i2)",4,128,256,16.7373575,1.6250077664321927,56416.16963291168
 , ,"#pragma clang loop(i1,j1,k1,i2,j2) interchange permutation(j1,k1,i1,j2,i2)",32,2048,4,47.7456385,1.6250084369640592,56855.1218791008
 , , ,16,100,256,14.596694,1.6250126536897642,56995.90375494957
 , , ,4,100,16,32.283219,1.6250197372639683,57295.1121134758
 , , ,100,2048,256,14.8600775,1.6250202053231806,57436.98217988014
 , , ,80,4,256,15.1043235,1.625031787914519,57581.65420269966
 , , ,96,64,32,33.750682,1.6250435672216923,57891.25243782997
 , , ,4,100,20,32.1106775,1.625044481593838,58189.78896307945
 , , ,96,16,100,28.753564,1.6250483485616765,58452.5945982933
 , ,"#pragma clang loop(i1,j1,k1,i2,j2) interchange permutation(j1,k1,i1,j2,i2)",16,50,8,40.9637045,1.6250521570032914,58832.66012263298
 , , ,32,8,16,31.394537,1.625053397722975,59126.5131778717
 , , ,100,16,128,22.264618,1.62505702088427,59337.8232793808
 , ,"#pragma clang loop(i1,j1,k1,i2,j2) interchange permutation(j1,k1,i1,j2,i2)",32,2048,32,41.7523235,1.625057220577252,59719.03147315979
 , , ,80,8,256,14.797292,1.625061315124864,59863.01290130615
 , , ,100,80,8,39.641783,1.6250626125765768,60225.24047112465
 , , ,16,4,50,29.56793,1.6250696277278949,60499.60099458695
 , , ,32,64,80,29.0725095,1.625076203592171,60771.799287080765
 , , ,128,100,256,14.8166575,1.6250765925523718,60915.91492438316
 , , ,16,100,20,31.695114,1.625080148569635,61212.72504520416
 , , ,32,64,32,30.3767385,1.5922469685200569,61499.33203840256
 , , ,4,128,8,34.733681000000004,1.6014764481985695,61816.42190337181
 , , ,80,16,256,14.615878,1.6016612515412376,61957.19456100464
 , ,"#pragma clang loop(i1,j1,k1,i2,j2) interchange permutation(j1,k1,i1,j2,i2)",4,8,16,33.9913745,1.60191478993929,62266.05277729034
 , ,"#pragma clang loop(i1,j1,k1,i2,j2) interchange permutation(j1,k1,i1,j2,i2)",16,32,256,17.0555115,1.602480422298277,62429.09121251106
 , ,"#pragma clang loop(i1,j1,k1,i2,j2) interchange permutation(j1,k1,i1,j2,i2)",8,20,256,17.1357915,1.6055369081981756,62593.21584844589
 , , ,20,32,50,31.4074955,1.605849055859028,62880.3545320034
 , , ,50,32,8,38.6767195,1.606096855735945,63237.909883499146
 , , ,100,4,32,28.98956,1.6072374617824945,63506.167526721954
 , , ,50,128,16,32.816932,1.6084223875201658,63813.13219308853
 , , ,4,100,4,30.7341455,1.608879679775688,64101.79520940781
 , ,"#pragma clang loop(i1,j1,k1,i2,j2) interchange permutation(j1,k1,i1,j2,i2)",32,16,16,31.810936,1.6102105382504714,64398.60635757446
 , ,"#pragma clang loop(i1,j1,k1,i2,j2) interchange permutation(j1,k1,i1,j2,i2)",100,20,50,30.7223165,1.6102752456331522,64686.4671754837
 , ,"#pragma clang loop(i1,j1,k1,i2,j2) interchange permutation(j1,k1,i1,j2,i2)",4,16,100,28.2774785,1.6138222850049642,64949.82303714752
 , , ,32,4,80,27.1393365,1.6140573932463416,65205.06969237328
 , ,"#pragma clang loop(i1,j1,k1,i2,j2) interchange permutation(j1,k1,i1,j2,i2)",4,50,100,31.1298345,1.6147995748082045,65496.07944059372
 , , ,64,128,8,38.2645905,1.6154512952808229,65853.16187882423
 , ,"#pragma clang loop(i1,j1,k1,i2,j2) interchange permutation(j1,k1,i1,j2,i2)",32,128,32,40.048556000000005,1.6164708576126474,66219.12089848518
 , , ,4,32,20,32.5854135,1.616643299770864,66521.7219774723
 , ,"#pragma clang loop(i1,j1,k1,i2,j2) interchange permutation(j1,k1,i1,j2,i2)",16,100,32,39.012703,1.6169629888216417,66883.20665097237
 , , ,4,64,128,21.2930545,1.617087877701093,67086.99793434143
 , ,"#pragma clang loop(i1,j1,k1,i2,j2) interchange permutation(j1,k1,i1,j2,i2)",4,100,20,40.9436175,1.6170989962983937,67463.18052864075
 , , ,128,100,20,41.369886,1.6171492354748709,67841.05293250084
 , ,"#pragma clang loop(i1,j1,k1,i2,j2) interchange permutation(j1,k1,i1,j2,i2)",100,80,256,15.831481,1.6174371805059145,67995.02723646164
 , , ,50,32,100,28.525968,1.6176009832000204,68259.68044447899
 , , ,16,100,80,29.083545,1.6178624740962109,68532.83015155792
 , , ,50,8,16,30.8154365,1.6183997171697435,68822.43607854843
 , , ,16,100,32,29.810569,1.6186239612843654,69099.46519470215
 , , ,128,2048,256,14.6276715,1.6187610137170745,69241.49743199348
 , ,"#pragma clang loop(i1,j1,k1,i2,j2) interchange permutation(j1,k1,i1,j2,i2)",100,128,80,40.394625,1.6189866493434908,69616.20544052124
 , , ,100,128,8,41.549345,1.619050172211017,70004.50533890724
 , , ,20,100,256,14.5633015,1.6191567506223146,70144.42545580864
 , , ,4,2048,32,31.139832,1.619364426175191,70429.40885519981
 , , ,100,50,50,33.6119365,1.6193719406835732,70744.82574748993
 , , ,20,32,64,30.0337915,1.6194086316013538,71023.38974094391
 , ,"#pragma clang loop(i1,j1,k1,i2,j2) interchange permutation(j1,k1,i1,j2,i2)",4,20,256,16.054714,1.6194417320663368,71173.63362050056
 , , ,32,8,64,28.855853,1.6194503741659465,71447.21104979515
 , ,"#pragma clang loop(i1,j1,k1,i2,j2) interchange permutation(j1,k1,i1,j2,i2)",100,8,32,27.74606,1.6195564447141235,71709.3166000843
 , , ,4,2048,80,29.992298,1.6201316630517395,71989.6796309948
 , , ,100,64,8,40.783243,1.620273414017126,72369.21714687347
 , , ,4,32,128,21.410515,1.620405347782313,72573.55442142487
 , ,"#pragma clang loop(i1,j1,k1,i2,j2) interchange permutation(j1,k1,i1,j2,i2)",100,16,80,28.924958,1.6205977449079343,72843.13389921188
 , , ,100,64,256,15.199944,1.6206320987945235,72989.43515443802
 , ,"#pragma clang loop(i1,j1,k1,i2,j2) interchange permutation(j1,k1,i1,j2,i2)",20,20,256,17.038555,1.6207334937320093,73149.73278021812
 , , ,20,50,100,28.3748125,1.62085289234621,73413.25703811646
 , , ,100,20,20,31.690372,1.6211875662547433,73704.71823573112
 , , ,16,32,32,29.0298395,1.6214657056061392,73975.97369790077
 , , ,128,80,80,36.793206,1.6216287000280476,74318.92375802994
 , , ,16,128,4,35.652846499999995,1.621706863265594,74650.1231944561
 , , ,50,2048,100,36.80442,1.6217474835289265,74992.56438040733
 , ,"#pragma clang loop(i1,j1,k1,i2,j2) interchange permutation(j1,k1,i1,j2,i2)",96,4,256,15.835487,1.6218186823043954,75144.28588819504
 , , ,8,32,16,31.789384,1.6221113241696,75442.65105962753
 , , ,50,8,100,27.112514,1.622136868400422,75696.4879746437
 , , ,8,64,256,14.543709,1.622223468251076,75836.6307592392
 , ,"#pragma clang loop(i1,j1,k1,i2,j2) interchange permutation(j1,k1,i1,j2,i2)",50,128,80,37.0099115,1.622306924092916,76182.83683562279
 , ,"#pragma clang loop(i1,j1,k1,i2,j2) interchange permutation(j1,k1,i1,j2,i2)",128,20,256,15.6246175,1.62233247369945,76332.6597340107
 , , ,32,50,16,33.5567875,1.6224732362485443,76643.69305253029
 , , ,50,16,32,29.4587435,1.6225074971432667,76921.99318766594
 , , ,16,20,256,14.5167405,1.6225132844660357,77061.41662478447
 , , ,96,128,32,39.139618,1.6225424857690138,77419.19127869606
 , , ,100,32,50,32.1250545,1.6225951644253604,77716.7017250061
 , ,"#pragma clang loop(i1,j1,k1,i2,j2) interchange permutation(j1,k1,i1,j2,i2)",4,8,256,15.6516925,1.6226123921725777,77866.23167967796
 , , ,100,64,32,33.480064,1.6226304963790656,78181.14264702797
 , , ,50,2048,8,41.240506,1.6226617301801547,78566.87123966217
 , , ,128,64,50,37.652099500000006,1.6227815323231491,78918.30697345734
 , , ,4,50,256,14.4871,1.6228109284064829,79057.67378854752
 , , ,50,2048,32,42.631494,1.622860574559841,79455.18976545334
 , ,"#pragma clang loop(i1,j1,k1,i2,j2) interchange permutation(j1,k1,i1,j2,i2)",32,32,4,38.7756315,1.6228847152035188,79816.01962041855
 , , ,96,100,20,36.36748,1.6229440189895092,80149.43317198753
 , , ,32,50,4,34.211668,1.520394997311173,320.205584526062
 , , ,8,100,256,14.516887,1.5529990068098385,461.4837999343872
 , ,"#pragma clang loop(i1,j1,k1,i2,j2) interchange permutation(j1,k1,i1,j2,i2)",32,128,80,35.2452475,1.5637374290428523,790.805655002594
 , ,"#pragma clang loop(i1,j1,k1,i2,j2) interchange permutation(j1,k1,i1,j2,i2)",32,50,20,36.110138,1.5700184059997155,1128.6538095474243
 , ,"#pragma clang loop(i1,j1,k1,i2,j2) interchange permutation(j1,k1,i1,j2,i2)",80,8,128,22.285635,1.5834453156631638,1339.1767828464508
 , , ,50,20,20,31.3498385,1.5855140932268357,1633.312243938446
 , , ,100,128,8,41.0006705,1.5857496598787215,2015.905041694641
 , , ,100,8,256,14.7546915,1.5873518761435583,2159.1866433620453
 , , ,50,8,80,27.222375,1.5960135324154023,2423.029363155365
 , , ,16,64,256,14.8875475,1.6005554142463805,2566.6692254543304
 , , ,8,32,256,14.8555435,1.6013130035936411,2710.6806247234344
 , , ,80,128,256,15.08557,1.6022333964980982,2858.132313966751
 , , ,8,8,32,31.7310785,1.604357350797092,3152.85196185112
 , , ,50,128,32,35.570198000000005,1.6043792767260194,3479.64306640625
 , , ,4,16,8,37.897562,1.606764864657688,3830.670789241791
 , , ,96,32,4,38.2997165,1.6085184984476186,4199.731139659882
 , , ,32,2048,20,33.0114705,1.6086212950391383,4507.041737318039
 , , ,32,2048,256,14.456374,1.6086396923121795,4645.139726400375
 , , ,20,32,256,14.550339,1.6089099544088257,4783.968435049057
 , ,"#pragma clang loop(i1,j1,k1,i2,j2) interchange permutation(j1,k1,i1,j2,i2)",4,80,8,37.4734005,1.6090490719362662,5131.179949998856
 , , ,100,2048,256,14.51374,1.6099966546753115,5269.946663379669
 , , ,100,16,32,32.629827,1.6105757277552144,5570.697217226028
 , ,"#pragma clang loop(i1,j1,k1,i2,j2) interchange permutation(j1,k1,i1,j2,i2)",8,100,256,17.768863500000002,1.6119433653731694,5742.399996995926
 , ,"#pragma clang loop(i1,j1,k1,i2,j2) interchange permutation(j1,k1,i1,j2,i2)",50,100,32,43.580737,1.613950333807706,6146.040235519409
 , , ,4,4,256,16.157534,1.613991203842274,6299.547176122665
 , ,"#pragma clang loop(i1,j1,k1,i2,j2) interchange permutation(j1,k1,i1,j2,i2)",128,128,16,53.4210385,1.6140719257971776,6792.664811849594
 , ,"#pragma clang loop(i1,j1,k1,i2,j2) interchange permutation(j1,k1,i1,j2,i2)",64,128,20,47.3520595,1.615673009827296,7231.092260122299
 , , ,100,128,256,15.163291,1.616013473447232,7377.03270816803
 , , ,4,100,20,36.486209,1.6163322861347695,7713.492600679398
 , ,"#pragma clang loop(i1,j1,k1,i2,j2) interchange permutation(j1,k1,i1,j2,i2)",128,20,8,46.221576,1.616540088065121,8139.633253097534
 , , ,4,8,50,32.426362999999995,1.617081278943813,8442.727269411087
 , , ,100,64,256,15.2979005,1.6170931332728973,8591.785521268845
 , ,"#pragma clang loop(i1,j1,k1,i2,j2) interchange permutation(j1,k1,i1,j2,i2)",16,64,80,36.7248025,1.6172541804493554,8933.50465130806
 , , ,96,128,256,15.0907095,1.617558020847241,9080.900812149048
 , , ,4,80,32,33.160447500000004,1.617776397368228,9388.898226499556
 , , ,20,100,256,14.8596045,1.6180131061647942,9531.196826457975
 , , ,100,16,20,34.2219385,1.6180262396952088,9849.4278755188
 , , ,8,2048,128,24.497038,1.618141903580631,10079.435375452042
 , , ,50,8,8,42.107974,1.6181781472147962,10467.677882909777
 , ,"#pragma clang loop(i1,j1,k1,i2,j2) interchange permutation(j1,k1,i1,j2,i2)",8,20,80,30.746700500000003,1.618340335927183,10753.702394008636
 , ,"#pragma clang loop(i1,j1,k1,i2,j2) interchange permutation(j1,k1,i1,j2,i2)",50,8,256,16.591433,1.6184510586913248,10912.510075569153
 , , ,20,8,256,15.204759500000002,1.6184722514221002,11057.776104927065
 , , ,16,32,256,14.80702,1.6185069852655602,11200.172929763794
 , , ,50,4,16,35.668983999999995,1.6188628166887444,11530.56778883934
 , , ,128,32,256,15.2052395,1.6188911608520304,11676.506865024568
 , , ,128,2048,50,53.2837125,1.6189091547440702,12166.534855604172
 , ,"#pragma clang loop(i1,j1,k1,i2,j2) interchange permutation(j1,k1,i1,j2,i2)",32,100,256,16.072009,1.6203763707640528,12324.492989063265
 , ,"#pragma clang loop(i1,j1,k1,i2,j2) interchange permutation(j1,k1,i1,j2,i2)",4,128,256,15.2621585,1.620413166481646,12470.500878810884
 , , ,20,16,80,27.688012,1.620456356789498,12730.747356891632
 , , ,16,50,80,27.9552375,1.6204994490319755,12991.576164484024
 , , ,16,16,32,27.965486,1.620626939897195,13251.454323530195
 , , ,128,100,20,40.3384165,1.6206373234896436,13625.704147338867
 , ,"#pragma clang loop(i1,j1,k1,i2,j2) interchange permutation(j1,k1,i1,j2,i2)",32,128,256,16.167834,1.620678006732706,13780.257220983503
 , ,"#pragma clang loop(i1,j1,k1,i2,j2) interchange permutation(j1,k1,i1,j2,i2)",32,100,32,39.3069405,1.62078135301891,14143.518128871918
 , ,"#pragma clang loop(i1,j1,k1,i2,j2) interchange permutation(j1,k1,i1,j2,i2)",100,16,256,15.5515,1.6210898926317503,14292.088404655457
 , , ,32,8,256,14.80264,1.6211236167130092,14433.675440073011
 , , ,96,80,256,14.831981,1.6212269885831625,14576.135464668274
 , , ,128,128,8,41.1798575,1.6212682489278396,14958.216955423355
 , ,"#pragma clang loop(i1,j1,k1,i2,j2) interchange permutation(j1,k1,i1,j2,i2)",4,100,256,15.471181,1.621343236465695,15105.723678588867
 , , ,100,64,32,33.4373235,1.621378321945692,15417.807797670364
 , , ,32,8,20,30.1133305,1.6213959874318162,15697.658285617828
 , ,"#pragma clang loop(i1,j1,k1,i2,j2) interchange permutation(j1,k1,i1,j2,i2)",100,50,8,39.4322885,1.62139815276083,16064.949221611025
 , ,"#pragma clang loop(i1,j1,k1,i2,j2) interchange permutation(j1,k1,i1,j2,i2)",128,2048,256,15.5303585,1.621442764766701,16213.437670230864
 , , ,50,16,256,14.601883,1.6214469887431266,16354.142849206924
 , , ,96,32,8,38.4561955,1.621522399701544,16712.478909254074
 , , ,100,8,64,28.8311125,1.6215496840235013,16981.608155965805
 , ,"#pragma clang loop(i1,j1,k1,i2,j2) interchange permutation(j1,k1,i1,j2,i2)",50,128,8,40.935527,1.6216286958070132,17361.820259809494
 , , ,96,100,8,38.665815,1.6217205886374515,17719.0728828907
 , , ,4,16,256,14.565384000000002,1.621754085338282,17858.530642986298
 , , ,100,100,80,39.6760535,1.621947228814882,18224.88417482376
 , , ,16,128,50,30.993495000000003,1.621955371976934,18515.927449941635
 , ,"#pragma clang loop(i1,j1,k1,i2,j2) interchange permutation(j1,k1,i1,j2,i2)",100,80,20,38.365885500000005,1.621993970371728,18870.508152008057
 , ,"#pragma clang loop(i1,j1,k1,i2,j2) interchange permutation(j1,k1,i1,j2,i2)",128,100,80,40.102887,1.622044988981091,19241.3802318573
 , ,"#pragma clang loop(i1,j1,k1,i2,j2) interchange permutation(j1,k1,i1,j2,i2)",16,100,256,16.7833755,1.622046519847908,19400.695519208908
 , , ,32,128,80,30.767482,1.622085201978133,19687.33966946602
 , , ,4,128,80,28.937515,1.622153650840189,19957.61700391769
 , , ,100,8,16,30.432004,1.6221741067317903,20240.03847360611
 , , ,64,20,256,14.5984945,1.622189587134757,20380.472202301025
 , ,"#pragma clang loop(i1,j1,k1,i2,j2) interchange permutation(j1,k1,i1,j2,i2)",100,8,256,15.57794,1.622242261830518,20528.90126991272
 , , ,100,2048,20,48.054275,1.6222752557646405,20971.44722342491
 , ,"#pragma clang loop(i1,j1,k1,i2,j2) interchange permutation(j1,k1,i1,j2,i2)",50,50,8,41.7396215,1.6222884814306835,21359.20365333557
 , , ,16,16,256,14.499955,1.6223264465789826,21497.779104471207
 , , ,16,100,80,29.056745,1.622374149860658,21768.53126645088
 , , ,64,100,80,35.212638,1.622485687008665,22095.38090348244
 , , ,100,8,50,29.7552815,1.6224944145637008,22373.263058424
 , , ,16,100,32,29.414917,1.6225564335424767,22647.34792208672
 , , ,8,128,32,29.451838,1.6226353782330398,22921.309295654297
 , , ,32,80,256,14.593286,1.62264216960478,23061.32111167908
 , , ,4,8,4,40.854845,1.6227875841474633,23435.37621450424
 , , ,4,50,256,14.8717395,1.6228130859899204,23578.383734226227
 , , ,96,8,128,23.3752505,1.6228872680114124,23797.70387029648
 , , ,4,80,20,36.3586095,1.6229483702882,24135.58588385582
 , , ,128,80,64,43.7450945,1.6230086091283762,24540.617008686066
 , ,"#pragma clang loop(i1,j1,k1,i2,j2) interchange permutation(j1,k1,i1,j2,i2)",32,64,16,42.44559,1.62307388708031,24935.271939992905
 , ,"#pragma clang loop(i1,j1,k1,i2,j2) interchange permutation(j1,k1,i1,j2,i2)",4,32,80,34.831577,1.6231071018333465,25257.677657604218
 , ,"#pragma clang loop(i1,j1,k1,i2,j2) interchange permutation(j1,k1,i1,j2,i2)",100,100,16,50.927482,1.623125893389004,25727.02379345894
 , ,"#pragma clang loop(i1,j1,k1,i2,j2) interchange permutation(j1,k1,i1,j2,i2)",50,100,50,43.8543455,1.6231824387584253,26132.50656986237
 , , ,100,64,50,40.085777500000006,1.6232090583468195,26503.72781729698
 , , ,50,8,256,15.158374,1.623238968003132,26649.73219037056
 , , ,20,16,256,14.9192985,1.6232588604813036,26792.678894996643
 , ,"#pragma clang loop(i1,j1,k1,i2,j2) interchange permutation(j1,k1,i1,j2,i2)",96,4,8,39.275396,1.62327182747569,27158.23453688621
 , , ,4,16,16,36.096473,1.6233512130530667,27494.3546128273
 , , ,4,8,8,34.217553,1.6234433511805708,27810.81449580193
 , , ,4,64,256,14.5996715,1.6234946274685704,27952.08769011497
 , , ,32,16,8,40.6622645,1.6235136077919987,28327.98559331894
 , ,"#pragma clang loop(i1,j1,k1,i2,j2) interchange permutation(j1,k1,i1,j2,i2)",4,50,256,15.909914,1.6235227637496583,28480.559619426727
 , , ,16,80,80,31.5219115,1.6235400289981752,28773.501820087436
 , ,"#pragma clang loop(i1,j1,k1,i2,j2) interchange permutation(j1,k1,i1,j2,i2)",96,128,256,16.3628445,1.6235405866534178,28930.650321245197
 , , ,128,32,32,32.976856999999995,1.6236119886433762,29236.798226356503
 , ,"#pragma clang loop(i1,j1,k1,i2,j2) interchange permutation(j1,k1,i1,j2,i2)",128,100,50,49.883591,1.6236280566682204,29696.090544700623
 , , ,16,16,50,32.940560500000004,1.6236323674375217,30002.254845142365
 , , ,16,64,50,33.057395,1.6236750007204943,30310.409513950348
 , , ,128,16,256,14.939655,1.6236991226205193,30453.64932203293
 , , ,128,16,50,30.15972,1.62370613084238,30734.20882081985
 , , ,8,8,128,21.1533215,1.6237413249430082,30933.984367609024
 , , ,96,128,8,37.4835595,1.6237477117751895,31282.31905245781
 , , ,50,64,128,24.3124535,1.6237727724933997,31509.609675884247
 , , ,32,100,128,24.276450500000003,1.6237833522552516,31737.136264801025
 , , ,128,32,20,31.308335,1.6238162319981373,32028.161550998688
 , , ,100,128,20,40.592606,1.6238466397044602,32404.310401678085
 , , ,96,100,256,14.7511325,1.6238711912720205,32546.54939222336
 , , ,4,32,16,32.190349999999995,1.6239210527288832,32845.49078154564
 , , ,16,128,4,35.100344,1.623947274814934,33172.79093813896
 , ,"#pragma clang loop(i1,j1,k1,i2,j2) interchange permutation(j1,k1,i1,j2,i2)",100,8,4,34.562605,1.6239739494122452,33494.11771941185
 , ,"#pragma clang loop(i1,j1,k1,i2,j2) interchange permutation(j1,k1,i1,j2,i2)",128,50,256,15.7489655,1.6240082713214792,33644.951483011246
 , , ,32,32,256,14.5538575,1.6240109130338958,33784.24546647072
 , , ,100,50,8,41.1035085,1.6240292258504556,34165.272423028946
 , , ,96,64,256,14.8890745,1.6240403533784764,34308.27570772171
 , , ,32,8,8,35.3310235,1.6240478750170904,34642.54837632179
 , , ,50,64,256,14.764734,1.6240862543697434,34785.91749429703
 , ,"#pragma clang loop(i1,j1,k1,i2,j2) interchange permutation(j1,k1,i1,j2,i2)",128,100,256,15.738304500000002,1.624103208737348,34938.120546102524
 , , ,4,100,16,31.9436305,1.6241197893471857,35236.11231970787
 , , ,32,32,32,29.635377,1.6241361855910943,35510.324206113815
 , , ,128,128,100,35.596332000000004,1.624141651415441,35842.66561436653
 , , ,32,16,32,28.50198,1.6241465039547662,36108.97997045517
 , , ,100,16,16,30.590828,1.624157080284327,36397.55287408829
 , , ,96,8,256,14.8028205,1.6241708596444069,36540.30587100983
 , , ,100,100,256,14.820209,1.6241763098308124,36684.898424863815
 , ,"#pragma clang loop(i1,j1,k1,i2,j2) interchange permutation(j1,k1,i1,j2,i2)",128,4,256,15.773895,1.6241934495158148,36835.063153505325
 , ,"#pragma clang loop(i1,j1,k1,i2,j2) interchange permutation(j1,k1,i1,j2,i2)",128,100,16,46.767208,1.6242081826605832,37265.500274181366
 , , ,32,100,256,14.980590500000002,1.6242150810995375,37407.34125494957
 , , ,32,16,256,14.6923255,1.6242169572301106,37548.16360282898
 , ,"#pragma clang loop(i1,j1,k1,i2,j2) interchange permutation(j1,k1,i1,j2,i2)",4,16,256,15.916104999999998,1.6242175723717265,37699.13835859299
 , ,"#pragma clang loop(i1,j1,k1,i2,j2) interchange permutation(j1,k1,i1,j2,i2)",8,128,256,17.034892,1.6242244590744883,37861.721276283264
 , , ,20,80,20,31.0600315,1.6242376353456962,38157.66192555428
 , , ,4,8,256,14.9575855,1.6242554100891788,38300.70942878723
 , , ,32,16,20,30.462385,1.624258122619069,38583.42611074448
 , , ,32,20,100,27.793995,1.624263703961913,38844.89153671265
 , , ,16,8,256,14.679276,1.624278393332247,38986.73812508583
 , ,"#pragma clang loop(i1,j1,k1,i2,j2) interchange permutation(j1,k1,i1,j2,i2)",4,4,256,16.016365999999998,1.6242985094807387,39141.118601322174
 , , ,100,32,8,38.629393,1.6243089355461948,39502.44761872292
 , , ,4,100,80,29.5339935,1.6243122794847735,39772.89022564888
 , ,"#pragma clang loop(i1,j1,k1,i2,j2) interchange permutation(j1,k1,i1,j2,i2)",16,128,4,41.527375,1.6243146161276798,40155.9174220562
 , , ,4,2048,256,14.5489755,1.624335866674745,40295.60029911995
 , , ,100,100,8,40.983721,1.6243602173027454,40677.0199368
 , , ,128,8,16,30.7735235,1.6243903920652385,40963.31510591507
 , , ,8,2048,32,30.690037,1.624392820700118,41245.22643876076
 , , ,128,8,256,15.1097825,1.6244043818820968,41389.05896639824
 , , ,16,128,256,14.515835,1.6244056513112104,41528.811544418335
 , , ,16,128,80,29.29241,1.6244080753128058,41805.05776810646
 , , ,4,100,32,29.6864285,1.624432597447795,42084.048366069794
 , , ,4,128,32,29.755133,1.6244377255553706,42362.795691013336
 , , ,96,2048,16,43.527869,1.6244732088167555,42765.80046749115
 , ,"#pragma clang loop(i1,j1,k1,i2,j2) interchange permutation(j1,k1,i1,j2,i2)",100,100,256,15.725943999999998,1.624485380348317,42917.73208284378
 , , ,50,128,256,14.779404,1.624486180209033,43060.85767555237
 , , ,128,128,4,42.9363225,1.6245180965541066,43460.75676512718
 , , ,128,100,100,36.6273235,1.6245409475592156,43795.30459403992
 , , ,128,64,256,14.924299,1.624598776566348,43938.91654205322
 , , ,128,100,16,38.577276,1.6246041061756833,44300.15451383591
 , , ,16,32,32,29.311832000000003,1.6246053432591356,44571.79433894157
 , , ,128,100,256,14.8226365,1.6246193106592963,44714.56524062157
 , ,"#pragma clang loop(i1,j1,k1,i2,j2) interchange permutation(j1,k1,i1,j2,i2)",100,32,256,15.695623,1.6246210378884318,44866.10988259316
 , , ,4,128,128,21.889039,1.6246343617539352,45074.16923427582
 , , ,20,80,80,28.737105,1.624656327441799,45343.93979072571
 , , ,16,100,256,14.532005,1.6246804432232365,45483.81743574143
 , , ,50,32,8,38.490201,1.6246834915637998,45837.47578525543
 , , ,50,32,128,22.2897045,1.624689589594774,46050.02476286888
 , , ,4,8,32,30.544563,1.6246898828830267,46328.30452680588
 , , ,20,128,256,14.535898,1.624692587172292,46468.33532810211
 , ,"#pragma clang loop(i1,j1,k1,i2,j2) interchange permutation(j1,k1,i1,j2,i2)",4,128,32,39.1264115,1.6247091813235683,46828.59263539314
 , , ,4,100,100,28.304813,1.6247159881202606,47093.73764491081
 , , ,4,128,256,14.525187,1.6247228022861675,47233.5773961544
 , , ,4,32,32,29.855937,1.6247277080589744,47514.13857531548
 , , ,4,4,8,40.2735625,1.6247289319550953,47880.9106259346
 , , ,8,100,8,32.531532,1.6247309338544234,48186.818091630936
 , , ,16,20,256,14.5695595,1.6247473153857048,48328.071372509
 , , ,8,8,16,31.7641025,1.6247495013612248,48625.75274777413
 , , ,4,100,256,14.5566805,1.6247603871542078,48766.910069704056
 , , ,96,64,20,34.8779155,1.6247644216661403,49089.135773420334
 , , ,4,32,256,14.5070305,1.6247741688316857,49228.59098482132
 , ,"#pragma clang loop(i1,j1,k1,i2,j2) interchange permutation(j1,k1,i1,j2,i2)",80,50,32,37.2605665,1.6247787037379828,49572.78891277313
 , ,"#pragma clang loop(i1,j1,k1,i2,j2) interchange permutation(j1,k1,i1,j2,i2)",50,100,80,36.502321,1.6247797610397612,49911.13835954666
 , , ,128,128,256,14.8411835,1.6247873900365513,50055.6419365406
 , ,"#pragma clang loop(i1,j1,k1,i2,j2) interchange permutation(j1,k1,i1,j2,i2)",96,128,80,40.104943,1.6248314716273855,50427.362894535065
 , , ,100,16,8,37.0341955,1.6248439285863252,50776.89314246178
 , ,"#pragma clang loop(i1,j1,k1,i2,j2) interchange permutation(j1,k1,i1,j2,i2)",32,2048,256,16.308123000000002,1.6248469835079922,50932.16814208031
 , ,"#pragma clang loop(i1,j1,k1,i2,j2) interchange permutation(j1,k1,i1,j2,i2)",16,64,256,16.8742615,1.6248515889708384,51095.06447911263
 , , ,100,80,256,15.13137,1.624874102193007,51239.03694629669
 , , ,32,16,128,21.593394,1.6248775842382026,51444.59284186363
 , , ,4,64,16,33.7785495,1.6248793079877744,51763.583530426025
 , , ,50,80,256,14.7976825,1.6248821268907463,51906.87048149109
 , ,"#pragma clang loop(i1,j1,k1,i2,j2) interchange permutation(j1,k1,i1,j2,i2)",32,8,32,27.873122,1.6248879545993742,52165.90880274773
 , ,"#pragma clang loop(i1,j1,k1,i2,j2) interchange permutation(j1,k1,i1,j2,i2)",16,8,80,26.3013125,1.624888344115652,52412.05580043793
 , ,"#pragma clang loop(i1,j1,k1,i2,j2) interchange permutation(j1,k1,i1,j2,i2)",32,64,80,34.044084999999995,1.6248987686387883,52729.94677209854
 , , ,50,32,256,15.0144805,1.6249002329744286,52872.972125291824
 , , ,128,16,32,29.408616,1.6249105126393335,53141.75525474548
 , , ,4,50,32,30.722422,1.6249161760174702,53431.64851760864
 , , ,32,128,256,14.626503,1.6249475668357372,53573.51028895378
 , , ,8,128,256,14.5292355,1.624952128033175,53712.78425741196
 , , ,32,128,20,32.0532085,1.6249563943328882,54012.5391561985
 , , ,100,2048,80,41.8679365,1.6249604573892475,54399.4101099968
 , ,"#pragma clang loop(i1,j1,k1,i2,j2) interchange permutation(j1,k1,i1,j2,i2)",50,128,16,40.2066165,1.6249644797765543,54770.0938243866
 , , ,4,50,16,33.977852,1.6249662274520675,55090.47611308098
 , , ,128,64,20,36.1562615,1.62497601253226,55420.35424494743
 , , ,100,16,256,14.926804,1.6249827468625584,55561.931624889374
 , , ,32,128,32,30.2271095,1.6249828482113693,55844.389900922775
 , , ,128,16,80,28.870592,1.6249861416461546,56113.44858503342
 , ,"#pragma clang loop(i1,j1,k1,i2,j2) interchange permutation(j1,k1,i1,j2,i2)",128,128,4,45.966104,1.6249906392589537,56538.94722676277
 , , ,96,16,80,28.8401575,1.6249970074781528,56805.36498975754
 , , ,96,16,256,14.6589565,1.6250033943962712,56947.5344645977
 , ,"#pragma clang loop(i1,j1,k1,i2,j2) interchange permutation(j1,k1,i1,j2,i2)",80,16,256,16.058595,1.6250195336475766,57099.39960002899
 , ,"#pragma clang loop(i1,j1,k1,i2,j2) interchange permutation(j1,k1,i1,j2,i2)",4,64,256,15.7044225,1.6250227255640677,57249.65799212456
 , , ,96,80,4,39.8872935,1.6250267978220705,57624.50929284096
 , ,"#pragma clang loop(i1,j1,k1,i2,j2) interchange permutation(j1,k1,i1,j2,i2)",4,32,32,31.788225,1.6250412145301896,57914.58123898506
 , , ,80,100,64,39.630182000000005,1.6250425543776426,58279.55941128731
 , , ,96,100,100,35.6863435,1.6250444071072223,58614.1133248806
 , ,"#pragma clang loop(i1,j1,k1,i2,j2) interchange permutation(j1,k1,i1,j2,i2)",50,128,256,16.0027175,1.625049905599954,58767.316219091415
 , ,"#pragma clang loop(i1,j1,k1,i2,j2) interchange permutation(j1,k1,i1,j2,i2)",8,16,32,28.4373875,1.6250610783460333,59031.26834321022
 , ,"#pragma clang loop(i1,j1,k1,i2,j2) interchange permutation(j1,k1,i1,j2,i2)",96,8,256,15.672775,1.625061389213721,59182.466567754745
 , ,"#pragma clang loop(i1,j1,k1,i2,j2) interchange permutation(j1,k1,i1,j2,i2)",128,8,256,15.830871,1.625064692709961,59332.738919496536
 , , ,128,80,32,34.96730650000001,1.6250652284472018,59659.34376382828
 , , ,128,16,16,31.076419,1.6250754540430172,59947.82628798485
 , ,"#pragma clang loop(i1,j1,k1,i2,j2) interchange permutation(j1,k1,i1,j2,i2)",128,64,256,15.787089,1.625083903988033,60099.59118294716
 , , ,100,100,32,42.743075000000005,1.6250842376961956,60490.8616168499
 , , ,16,64,20,33.07752,1.6250860989801983,60798.78334474564
 , ,"#pragma clang loop(i1,j1,k1,i2,j2) interchange permutation(j1,k1,i1,j2,i2)",50,80,256,16.0471505,1.570389367254843,60954.27172064781
 , , ,128,16,20,30.591001,1.5873836765208498,61241.80312991142
 , ,"#pragma clang loop(i1,j1,k1,i2,j2) interchange permutation(j1,k1,i1,j2,i2)",4,32,64,33.6952185,1.5953427038727843,61555.341315984726
 , , ,8,20,50,31.10955,1.5982630759465657,61840.90982246399
 , ,"#pragma clang loop(i1,j1,k1,i2,j2) interchange permutation(j1,k1,i1,j2,i2)",64,128,16,40.570041,1.6001773468174805,62214.01182961464
 , ,"#pragma clang loop(i1,j1,k1,i2,j2) interchange permutation(j1,k1,i1,j2,i2)",4,64,20,39.316949,1.6059156095137437,62578.48717164993
 , ,"#pragma clang loop(i1,j1,k1,i2,j2) interchange permutation(j1,k1,i1,j2,i2)",16,128,256,16.810758999999997,1.6059171994538024,62739.618932724
 , , ,128,128,16,40.90418,1.6108417392438537,63113.54723787308
 , ,"#pragma clang loop(i1,j1,k1,i2,j2) interchange permutation(j1,k1,i1,j2,i2)",128,80,32,40.6543845,1.6117603350384333,63484.80901002884
 , ,"#pragma clang loop(i1,j1,k1,i2,j2) interchange permutation(j1,k1,i1,j2,i2)",100,20,8,39.3422555,1.613976653183075,63847.66674494743
 , , ,8,20,80,27.981112000000003,1.61424092615866,64110.27102351189
 , , ,50,50,8,41.1484105,1.6147396288241644,64484.1126203537
 , , ,16,2048,64,33.079924000000005,1.6148018756860054,64786.500849723816
 , , ,50,100,4,39.9142485,1.6148252732506865,65201.59553098679
 , , ,128,50,256,15.2667175,1.615051075055282,65345.36679148674
 , , ,16,32,64,30.338497500000003,1.6153019347934157,65623.16156411171
 , , ,32,50,256,14.645039,1.6156280384202064,65763.9171962738
 , ,"#pragma clang loop(i1,j1,k1,i2,j2) interchange permutation(j1,k1,i1,j2,i2)",50,100,256,16.082102,1.6156324272321567,65918.62326669693
 , , ,50,50,256,14.6020835,1.615772914936732,66059.14653944969
 , , ,96,64,8,40.268565,1.615848903331325,66434.76830101013
 , , ,128,4,20,30.3903695,1.6167144046049744,66718.00091528893
 , , ,50,100,256,14.7585845,1.6169166747355717,66859.05824255943
 , , ,96,100,20,35.2702985,1.617322874186937,67185.38948345184
 , ,"#pragma clang loop(i1,j1,k1,i2,j2) interchange permutation(j1,k1,i1,j2,i2)",128,16,256,15.5001395,1.6182238281373469,67333.50833034515
 , , ,128,100,32,42.869567,1.6182467258799635,67729.05652570724
 , , ,16,8,50,29.474506,1.618803510951568,68003.37365365028
 , , ,128,80,256,14.861126,1.6191083978645422,68146.4809949398
 , ,"#pragma clang loop(i1,j1,k1,i2,j2) interchange permutation(j1,k1,i1,j2,i2)",4,128,64,38.173482500000006,1.619313762252897,68499.27850079536
 , ,"#pragma clang loop(i1,j1,k1,i2,j2) interchange permutation(j1,k1,i1,j2,i2)",20,2048,256,16.6363,1.6196503625013443,68657.64463424683
 , ,"#pragma clang loop(i1,j1,k1,i2,j2) interchange permutation(j1,k1,i1,j2,i2)",4,8,16,32.835134499999995,1.6199720675838825,68959.93655204773
 , ,"#pragma clang loop(i1,j1,k1,i2,j2) interchange permutation(j1,k1,i1,j2,i2)",128,2048,8,47.291881,1.6202012983449792,69395.65952420235
 , , ,80,100,20,33.510309500000005,1.6203969970336876,69706.81384754181
 , , ,4,100,128,21.7082605,1.6205470456438624,69910.78579950333
 , , ,50,128,20,32.583712,1.6205523949159273,70213.76338028908
 , , ,8,80,256,14.4653555,1.6209744785320672,70352.52256202698
 , ,"#pragma clang loop(i1,j1,k1,i2,j2) interchange permutation(j1,k1,i1,j2,i2)",4,8,256,15.575143,1.6209798745604027,70501.02112603188
 , , ,80,16,16,30.205919,1.6210396389078976,70782.89827132225
 , ,"#pragma clang loop(i1,j1,k1,i2,j2) interchange permutation(j1,k1,i1,j2,i2)",128,32,256,15.608567,1.6213069936779825,70932.54393458366
 , , ,16,8,8,35.3827795,1.6214816436064998,71262.23995041847
 , , ,4,80,100,27.97842,1.6216059394263915,71523.60348367691
 , ,"#pragma clang loop(i1,j1,k1,i2,j2) interchange permutation(j1,k1,i1,j2,i2)",50,80,8,40.0679615,1.621657025112184,71894.95723438263
 , ,"#pragma clang loop(i1,j1,k1,i2,j2) interchange permutation(j1,k1,i1,j2,i2)",50,20,100,28.056373,1.6217878519036562,72156.93050098419
 , , ,8,100,4,31.166876,1.6218757911086306,72446.49160218239
 , , ,4,20,20,30.9579905,1.6219704649005016,72735.4645357132
 , , ,128,50,128,27.1835315,1.6220346055103545,72988.98279953003
 , , ,32,4,32,28.4715425,1.6220998664683213,73252.95481348038
 , ,"#pragma clang loop(i1,j1,k1,i2,j2) interchange permutation(j1,k1,i1,j2,i2)",50,32,256,15.896844,1.6221540676388642,73405.30468988419
 , ,"#pragma clang loop(i1,j1,k1,i2,j2) interchange permutation(j1,k1,i1,j2,i2)",128,64,4,41.9672395,1.6222264504158486,73793.71078705788
 , ,"#pragma clang loop(i1,j1,k1,i2,j2) interchange permutation(j1,k1,i1,j2,i2)",100,100,32,48.2486755,1.6223685313445828,74238.1038916111
 , ,"#pragma clang loop(i1,j1,k1,i2,j2) interchange permutation(j1,k1,i1,j2,i2)",32,128,20,41.5724095,1.622424021857858,74620.31832075119
 , , ,8,16,20,30.4520105,1.6224269407983465,74903.68211174011
 , ,"#pragma clang loop(i1,j1,k1,i2,j2) interchange permutation(j1,k1,i1,j2,i2)",96,80,256,15.7792685,1.622475777515103,75054.5508992672
 , ,"#pragma clang loop(i1,j1,k1,i2,j2) interchange permutation(j1,k1,i1,j2,i2)",50,128,64,40.1424775,1.6224825976982045,75425.91748976707
 , , ,50,20,8,37.081469,1.6225449575138398,75768.95212364197
 , , ,8,32,100,27.5120775,1.6225784820492448,76025.88801193237
 , , ,32,32,8,35.0982065,1.622682757854993,76353.47765803337
 , ,"#pragma clang loop(i1,j1,k1,i2,j2) interchange permutation(j1,k1,i1,j2,i2)",32,100,128,28.2991745,1.6227586194707933,76617.46713590622
 , , ,128,8,32,28.5508765,1.6227720073678007,76883.37597107887
 , ,"#pragma clang loop(i1,j1,k1,i2,j2) interchange permutation(j1,k1,i1,j2,i2)",16,16,256,16.8271605,1.6227831657513343,77042.69909930229
 , , ,96,100,128,30.273725,1.622857300027298,77324.45418310165
 , , ,96,32,256,14.610688,1.6229921659055595,77465.07587432861
 , , ,128,100,4,42.717099000000005,1.6229921861058454,77862.32550597191
 , , ,4,128,16,31.5240615,1.6230151115951248,78157.771651268
 , , ,20,16,32,27.960833,1.6230231828871058,78418.32001924515
 , , ,64,32,16,31.921002,1.6232341374188897,78715.36019301414
 , , ,32,128,16,32.740093,1.5210735982160355,299.64640188217163
 , , ,4,50,256,14.661384,1.577656011355104,438.55164074897766
 , ,"#pragma clang loop(i1,j1,k1,i2,j2) interchange permutation(j1,k1,i1,j2,i2)",100,100,16,46.385068,1.5824632903741378,862.4653899669647
 , , ,100,80,100,34.693690000000004,1.5837589159478032,1185.3027868270876
 , , ,20,50,256,14.5240315,1.5849353079451265,1326.3592450618746
 , , ,32,100,32,30.0748875,1.591953182051303,1606.5128741264346
 , , ,4,100,128,21.757905,1.5930700119226886,1814.2749667167664
 , , ,4,32,50,30.934495,1.5979637616519835,2104.3685038089748
 , ,"#pragma clang loop(i1,j1,k1,i2,j2) interchange permutation(j1,k1,i1,j2,i2)",20,128,256,16.7632305,1.5990484129395273,2264.3569238185887
 , , ,32,32,50,30.7106535,1.5999463387264397,2552.358169555664
 , ,"#pragma clang loop(i1,j1,k1,i2,j2) interchange permutation(j1,k1,i1,j2,i2)",100,80,256,16.124149499999998,1.6016136771493112,2706.134035825729
 , , ,20,20,50,30.75395,1.6035717953684323,2991.976125240326
 , , ,16,100,50,31.3432475,1.6043011868464612,3287.211832046509
 , , ,16,8,256,14.7026405,1.604474886207675,3428.4855093956
 , , ,128,100,256,14.797372,1.604717794742187,3571.925933122635
 , , ,16,32,20,31.049514,1.6049573164305977,3859.158681869507
 , , ,20,80,256,14.823632,1.6052511309176882,4000.803933620453
 , , ,32,128,50,32.687996500000004,1.6080275547520178,4307.743245363236
 , , ,128,4,256,15.3971335,1.6083571496107398,4453.761929035187
 , , ,128,80,8,39.430314,1.6086384940155556,4813.977660417557
 , , ,100,100,32,43.050881,1.6089220736966747,5208.849182605743
 , , ,128,80,20,35.32052750000001,1.6089811236839662,5533.388965845107
 , , ,32,32,20,30.993920000000006,1.6098753915098112,5824.873313903809
 , , ,50,8,50,30.1046385,1.6100202746214065,6106.214902877808
 , , ,32,128,16,46.090727,1.5210735982160355,416.8353109359741
 , , ,4,50,256,18.5390745,1.577656011355104,590.0700471401216
 , ,"#pragma clang loop(i1,j1,k1,i2,j2) interchange permutation(j1,k1,i1,j2,i2)",100,100,16,65.4899255,1.5824632903741378,1172.0791907310484
 , , ,100,80,100,47.57130100000001,1.5837589159478032,1604.9059133529663
 , , ,20,50,256,17.987957,1.5849353079451265,1776.7748713493347
 , , ,32,100,32,39.5997965,1.591953182051303,2153.4507608413696
 , , ,4,100,128,29.3309915,1.5930700119226886,2429.352117538452
 , , ,4,32,50,39.965048,1.5979637616519835,2808.7177567481995
 , ,"#pragma clang loop(i1,j1,k1,i2,j2) interchange permutation(j1,k1,i1,j2,i2)",20,128,256,20.1438345,1.5990484129395273,2998.122206926346
 , , ,32,32,50,40.0914545,1.5999463387264397,3368.936251163483
 , ,"#pragma clang loop(i1,j1,k1,i2,j2) interchange permutation(j1,k1,i1,j2,i2)",100,80,256,19.2201365,1.6016136771493112,3553.795156478882
 , , ,20,20,50,39.6285685,1.6035717953684323,3929.802138566971
 , , ,16,100,50,40.757195,1.6043011868464612,4316.034991264343
 , , ,16,8,256,17.472018,1.604474886207675,4488.885192632675
 , , ,128,100,256,17.844336,1.604717794742187,4663.005798578261
 , , ,16,32,20,40.536155,1.6049573164305977,5060.5923204422
 , , ,20,80,256,18.4477615,1.6052511309176882,5235.722415208817
 , , ,32,128,50,46.3578445,1.6080275547520178,5653.6690685749045
 , , ,128,4,256,19.1554855,1.6083571496107398,5833.1991147995
 , , ,128,80,8,54.310669,1.6086384940155556,6327.426416635512
 , , ,100,100,32,60.7737065,1.6089220736966747,6870.834722995758
 , , ,128,80,20,49.3011075,1.6089811236839662,7324.628522634505
 , , ,32,32,20,45.383823,1.6098753915098112,7734.085634231567
 , , ,50,8,50,38.68015,1.6100202746214065,8091.71155142784
 , ,"#pragma clang loop(i1,j1,k1,i2,j2) interchange permutation(j1,k1,i1,j2,i2)",128,32,32,44.242936,1.6105198928314657,8495.238857507706
 , , ,128,16,256,17.8443735,1.6108179718150848,8670.816585063934
 , , ,4,2048,256,17.0425895,1.6112837751416913,8838.331712961197
 , , ,100,8,20,44.243219,1.6124649561133626,9241.11876988411
 , , ,64,80,256,18.4052625,1.6127947940149705,9416.59321665764
 , , ,128,32,256,18.8527495,1.6128994297698418,9594.274278640749
 , , ,32,2048,32,45.7612455,1.614037109906686,10023.304091215134
 , , ,100,100,128,41.130352,1.6144669097386144,10406.897469997406
 , , ,128,16,32,38.0976035,1.6144687324567004,10773.705818653109
 , , ,50,128,256,17.9487415,1.6144961184452302,10946.32682800293
 , , ,4,100,50,42.967358,1.6147047037577935,11340.10861992836
 , ,"#pragma clang loop(i1,j1,k1,i2,j2) interchange permutation(j1,k1,i1,j2,i2)",32,128,64,51.175390500000006,1.615628295574867,11817.107775688171
 , ,"#pragma clang loop(i1,j1,k1,i2,j2) interchange permutation(j1,k1,i1,j2,i2)",128,2048,256,19.6353015,1.6159180459450149,11998.79288172722
 , , ,50,128,32,43.468038,1.6160057484808132,12403.79810643196
 , ,"#pragma clang loop(i1,j1,k1,i2,j2) interchange permutation(j1,k1,i1,j2,i2)",128,80,20,53.9526315,1.6161869859413331,12896.421839952469
 , , ,32,16,32,38.7261475,1.6162381343839771,13257.352310180664
 , ,"#pragma clang loop(i1,j1,k1,i2,j2) interchange permutation(j1,k1,i1,j2,i2)",128,16,80,38.368495,1.616425226455837,13626.001851558683
 , ,"#pragma clang loop(i1,j1,k1,i2,j2) interchange permutation(j1,k1,i1,j2,i2)",50,100,256,19.4976345,1.6165775421274808,13811.93885564804
 , , ,4,50,16,45.064884000000006,1.61719336981437,14248.37336587906
 , ,"#pragma clang loop(i1,j1,k1,i2,j2) interchange permutation(j1,k1,i1,j2,i2)",96,128,256,18.8492085,1.6173042292096198,14434.13528752327
 , ,"#pragma clang loop(i1,j1,k1,i2,j2) interchange permutation(j1,k1,i1,j2,i2)",8,100,256,20.7143035,1.6175222870508836,14632.720137834547
 , , ,4,100,32,38.674265000000005,1.6175466687200817,14996.116513729095
 , , ,8,20,256,17.4450325,1.617659214164502,15168.61193227768
 , ,"#pragma clang loop(i1,j1,k1,i2,j2) interchange permutation(j1,k1,i1,j2,i2)",100,100,20,63.89923,1.6177300272231148,15755.975546836851
 , , ,128,32,100,41.344894,1.617745381694068,16132.256655931473
 , , ,128,50,50,49.3231595,1.617898649904309,16577.370438814167
 , ,"#pragma clang loop(i1,j1,k1,i2,j2) interchange permutation(j1,k1,i1,j2,i2)",4,80,80,43.824115,1.6180055489270746,16993.361159324646
 , , ,100,16,32,36.37589850000001,1.6180509949186055,17342.524730443954
 , , ,32,100,20,44.6767265,1.6182132755098264,17748.29801011086
 , , ,100,32,256,18.14370000000001,1.6185181669540138,17921.22737812996
 , , ,128,8,256,17.9395335,1.6196944665004416,18090.305551290512
 , , ,4,32,256,17.644398499999998,1.6197678598766128,18256.11310458184
 , , ,8,16,128,30.10739,1.6198692312928438,18531.472466468807
 , , ,4,4,80,33.5319705,1.6199329553722308,18843.09860920906
 , , ,128,2048,16,61.76684,1.620325167883864,19403.484301805496
 , ,"#pragma clang loop(i1,j1,k1,i2,j2) interchange permutation(j1,k1,i1,j2,i2)",50,128,16,52.555651,1.6204600767284638,19912.32621455193
 , , ,100,64,256,18.140706,1.6207360472493306,20086.312822580338
 , , ,4,80,50,38.411861,1.6207988782413727,20455.82298541069
 , ,"#pragma clang loop(i1,j1,k1,i2,j2) interchange permutation(j1,k1,i1,j2,i2)",4,64,8,53.47353199999999,1.620813661128539,20970.060293912888
 , ,"#pragma clang loop(i1,j1,k1,i2,j2) interchange permutation(j1,k1,i1,j2,i2)",128,4,8,48.885556,1.620846331619493,21416.203039169308
 , ,"#pragma clang loop(i1,j1,k1,i2,j2) interchange permutation(j1,k1,i1,j2,i2)",32,64,256,18.208741,1.620983742456382,21605.216722726826
 , , ,32,16,256,17.666891500000002,1.6210269479359567,21780.860928058624
 , , ,96,128,16,48.6041195,1.6210461543062078,22231.024953842163
 , , ,16,128,100,37.9369235,1.6210565960913843,22587.053580760963
 , ,"#pragma clang loop(i1,j1,k1,i2,j2) interchange permutation(j1,k1,i1,j2,i2)",128,16,256,17.2475515,1.6211739224986774,22769.61089372635
 , ,"#pragma clang loop(i1,j1,k1,i2,j2) interchange permutation(j1,k1,i1,j2,i2)",8,128,80,43.8738845,1.6212561404767152,23176.09046697617
 , ,"#pragma clang loop(i1,j1,k1,i2,j2) interchange permutation(j1,k1,i1,j2,i2)",100,80,16,50.9045555,1.621321055788897,23641.795431137085
 , , ,64,4,4,47.1983155,1.6213813200061291,24067.503092765804
 , , ,50,8,8,49.754763,1.6214852760497351,24531.53488111496
 , , ,50,50,128,32.803901499999995,1.6216036176043154,24828.666395187374
 , , ,32,8,256,18.6983845,1.6217025347654714,25005.73776865005
 , , ,128,20,256,17.176672500000002,1.6217117119786306,25175.994817972183
 , ,"#pragma clang loop(i1,j1,k1,i2,j2) interchange permutation(j1,k1,i1,j2,i2)",128,64,8,54.3124985,1.6217300144564477,25692.166372299194
 , , ,128,128,80,50.0926445,1.6217341280292037,26163.62345147133
 , ,"#pragma clang loop(i1,j1,k1,i2,j2) interchange permutation(j1,k1,i1,j2,i2)",4,80,256,19.45405,1.6219115047328982,26349.216866731647
 , , ,4,16,256,17.419442,1.6219496685115014,26517.699980020523
 , , ,50,32,80,37.034989,1.6219748323062704,26861.49064397812
 , , ,96,128,80,51.3060105,1.6219859527449945,27331.12001371384
 , , ,32,32,256,17.6280755,1.6220233391387455,27499.59346842765
 , , ,128,100,128,38.9669315,1.6220821223236157,27884.675455093384
 , ,"#pragma clang loop(i1,j1,k1,i2,j2) interchange permutation(j1,k1,i1,j2,i2)",4,50,80,43.4033495,1.622087859041926,28293.234477519985
 , ,"#pragma clang loop(i1,j1,k1,i2,j2) interchange permutation(j1,k1,i1,j2,i2)",16,8,128,28.3948765,1.6220901296638457,28575.643181085587
 , ,"#pragma clang loop(i1,j1,k1,i2,j2) interchange permutation(j1,k1,i1,j2,i2)",96,100,80,52.4011715,1.6220964370395772,29051.268040657047
 , , ,128,100,80,52.8605955,1.6223361871028663,29535.96166062355
 , , ,4,8,256,18.033152,1.6223537564103063,29710.126955986027
 , ,"#pragma clang loop(i1,j1,k1,i2,j2) interchange permutation(j1,k1,i1,j2,i2)",100,128,256,18.7566565,1.6224654938507006,29889.46447777748
 , , ,128,32,50,41.351542,1.6225551508924076,30282.357552289966
 , , ,20,8,8,49.561961,1.6226068855474036,30732.057421207428
 , ,"#pragma clang loop(i1,j1,k1,i2,j2) interchange permutation(j1,k1,i1,j2,i2)",100,8,4,47.337521,1.622607219049273,31188.852530717853
 , , ,100,32,4,55.23458299999999,1.622938495981144,31685.38107442857
 , ,"#pragma clang loop(i1,j1,k1,i2,j2) interchange permutation(j1,k1,i1,j2,i2)",4,80,100,40.702862,1.6229537773487352,32064.724337816235
 , , ,20,20,256,17.672804,1.6229845713172169,32233.189016103745
 , , ,16,16,256,16.213680500000002,1.6229858599313405,32402.05322408676
 , , ,96,100,32,51.827991,1.6229893358002132,32878.97155547142
 , , ,4,16,50,39.889981,1.6229995047280523,33256.15400648116
 , , ,20,80,100,37.192019,1.6230617671526606,33603.44069671632
 , , ,100,4,256,16.8651535,1.6230846928724736,33774.078469991684
 , , ,32,16,128,30.867470500000003,1.6232102024434605,34051.00630116463
 , , ,8,50,64,38.3763465,1.62321158309792,34403.484095573425
 , , ,128,80,256,16.9174915,1.6232497788804512,34576.32706451416
 , ,"#pragma clang loop(i1,j1,k1,i2,j2) interchange permutation(j1,k1,i1,j2,i2)",96,50,256,19.5400815,1.6232579572119377,34765.32770681381
 , ,"#pragma clang loop(i1,j1,k1,i2,j2) interchange permutation(j1,k1,i1,j2,i2)",100,128,8,63.2949965,1.6232733565346866,35339.73318243027
 , , ,50,64,80,42.6339865,1.6233273914097073,35720.083954334266
 , , ,50,4,256,19.247157,1.6233682857063898,35902.82607650757
 , , ,100,20,50,40.190233,1.623396568373494,36272.71248340607
 , , ,128,128,32,58.349716,1.6234133459391848,36810.317135334015
 , , ,8,128,16,44.983501,1.6234176561452724,37217.94372940064
 , , ,64,16,256,17.839892000000003,1.6234215969540566,37388.290821790695
 , ,"#pragma clang loop(i1,j1,k1,i2,j2) interchange permutation(j1,k1,i1,j2,i2)",32,128,128,36.7221595,1.6234272095632902,37743.20038986206
 , ,"#pragma clang loop(i1,j1,k1,i2,j2) interchange permutation(j1,k1,i1,j2,i2)",128,80,32,53.742129000000006,1.6235227368710683,38232.664861917496
 , ,"#pragma clang loop(i1,j1,k1,i2,j2) interchange permutation(j1,k1,i1,j2,i2)",64,100,8,57.874573,1.6235355653684214,38753.610902786255
 , , ,16,50,256,17.4956265,1.6235398698454455,38918.750077724464
 , ,"#pragma clang loop(i1,j1,k1,i2,j2) interchange permutation(j1,k1,i1,j2,i2)",32,100,256,19.6216295,1.623548039851516,39105.47744846344
 , , ,100,100,256,17.475676999999994,1.6235926695946932,39273.6176905632
 , ,"#pragma clang loop(i1,j1,k1,i2,j2) interchange permutation(j1,k1,i1,j2,i2)",4,4,256,19.2679855,1.62362823168895,39456.743163108826
 , ,"#pragma clang loop(i1,j1,k1,i2,j2) interchange permutation(j1,k1,i1,j2,i2)",100,128,64,57.834279,1.6236414450108696,39986.553098917015
 , ,"#pragma clang loop(i1,j1,k1,i2,j2) interchange permutation(j1,k1,i1,j2,i2)",128,16,128,34.997181,1.6236689590693545,40300.029216766365
 , , ,100,8,8,50.2116475,1.623676619714039,40767.25882792473
 , , ,4,100,8,45.0483825,1.6236791443116316,41196.10868310928
 , ,"#pragma clang loop(i1,j1,k1,i2,j2) interchange permutation(j1,k1,i1,j2,i2)",4,128,8,57.5047185,1.6237214383401417,41718.68941283226
 , , ,4,16,32,38.553221,1.623729922202271,42067.11338448525
 , , ,128,8,50,39.430222,1.6237402115903803,42426.20749926567
 , ,"#pragma clang loop(i1,j1,k1,i2,j2) interchange permutation(j1,k1,i1,j2,i2)",16,8,256,20.077171,1.6237616436317557,42619.99128723145
 , , ,16,32,32,39.4697315,1.6238225494691818,42975.13198900224
 , , ,96,100,256,16.810267,1.6238302945597531,43146.377685308464
 , , ,96,80,256,18.165693,1.6238768155928065,43324.007326602936
 , ,"#pragma clang loop(i1,j1,k1,i2,j2) interchange permutation(j1,k1,i1,j2,i2)",50,80,50,51.3537365,1.6238933251689986,43807.472073316574
 , ,"#pragma clang loop(i1,j1,k1,i2,j2) interchange permutation(j1,k1,i1,j2,i2)",32,16,16,45.444503000000005,1.623914600588002,44214.53557538986
 , ,"#pragma clang loop(i1,j1,k1,i2,j2) interchange permutation(j1,k1,i1,j2,i2)",96,100,32,63.946195,1.623914988923726,44789.232244253166
 , , ,128,100,16,54.435059,1.6239294998202105,45283.8268699646
 , , ,64,16,4,48.9265755,1.623965606182992,45711.20515751839
 , ,"#pragma clang loop(i1,j1,k1,i2,j2) interchange permutation(j1,k1,i1,j2,i2)",128,128,8,66.54876750000001,1.6240293972559916,46298.168739795685
 , ,"#pragma clang loop(i1,j1,k1,i2,j2) interchange permutation(j1,k1,i1,j2,i2)",128,100,100,45.5196375,1.6240451165444154,46712.31387758255
 , , ,50,8,256,17.960461499999997,1.6240509959783174,46884.92786073685
 , ,"#pragma clang loop(i1,j1,k1,i2,j2) interchange permutation(j1,k1,i1,j2,i2)",50,128,8,58.601991000000005,1.6240591822818888,47413.607694864266
 , , ,16,100,256,17.5353025,1.6240600130057712,47578.785044670105
 , ,"#pragma clang loop(i1,j1,k1,i2,j2) interchange permutation(j1,k1,i1,j2,i2)",128,8,4,50.029541,1.624087566674946,48041.299901008606
 , , ,50,16,4,44.125421,1.6240958419856162,48455.31794881821
 , , ,4,64,8,49.9554805,1.6241368890646397,48912.25901985169
 , ,"#pragma clang loop(i1,j1,k1,i2,j2) interchange permutation(j1,k1,i1,j2,i2)",100,128,128,41.94754,1.6241525833673356,49296.72439694405
 , , ,50,80,256,18.090594,1.624188455147194,49472.56071066856
 , ,"#pragma clang loop(i1,j1,k1,i2,j2) interchange permutation(j1,k1,i1,j2,i2)",4,32,8,53.187208,1.6241908890988508,49955.199942588806
 , , ,16,2048,100,41.156363,1.6241970617046404,50331.91161441803
 , , ,32,128,64,46.20463700000001,1.6242102890444077,50743.79512643813
 , ,"#pragma clang loop(i1,j1,k1,i2,j2) interchange permutation(j1,k1,i1,j2,i2)",128,32,80,44.8908465,1.6242109545820076,51155.20405960083
 , , ,96,32,8,54.47957099999999,1.6242482161913985,51647.693769931786
 , ,"#pragma clang loop(i1,j1,k1,i2,j2) interchange permutation(j1,k1,i1,j2,i2)",4,8,256,18.8221775,1.6242713182369062,51826.37649440765
 , , ,128,128,256,17.9424075,1.624285814188833,51994.957433462136
 , , ,8,128,256,17.606288499999994,1.6243105407767635,52163.07927465438
 , , ,16,8,8,49.2359175,1.6243262493623425,52624.8466706276
 , ,"#pragma clang loop(i1,j1,k1,i2,j2) interchange permutation(j1,k1,i1,j2,i2)",100,32,256,19.4403055,1.6243370661167742,52809.06958150863
 , , ,50,8,64,38.2332755,1.6243594482691954,53161.859070301056
 , , ,50,20,256,17.131866000000002,1.624360239080555,53332.81214570999
 , , ,128,64,20,46.8486945,1.624361383693952,53783.778930187225
 , ,"#pragma clang loop(i1,j1,k1,i2,j2) interchange permutation(j1,k1,i1,j2,i2)",16,20,256,20.7555625,1.6243776538311392,53986.69491839409
 , ,"#pragma clang loop(i1,j1,k1,i2,j2) interchange permutation(j1,k1,i1,j2,i2)",50,8,100,34.4962625,1.62438143230981,54308.57410120964
 , ,"#pragma clang loop(i1,j1,k1,i2,j2) interchange permutation(j1,k1,i1,j2,i2)",4,16,256,17.886592999999994,1.6244050267605994,54492.33834862709
 , , ,100,2048,20,69.30244549999999,1.6244110781960632,55104.05162024498
 , ,"#pragma clang loop(i1,j1,k1,i2,j2) interchange permutation(j1,k1,i1,j2,i2)",32,128,20,55.5672345,1.6244180143191778,55610.27943634988
 , ,"#pragma clang loop(i1,j1,k1,i2,j2) interchange permutation(j1,k1,i1,j2,i2)",4,64,256,18.8481125,1.624429142728714,55788.23260188104
 , , ,96,20,8,52.6614075,1.6244465673736297,56269.830790281296
 , , ,16,4,32,38.6466295,1.6244684420842932,56618.6829957962
 , , ,100,16,128,32.631057500000004,1.6244728395761228,56910.104597330086
 , , ,128,128,20,58.30928,1.6245134288963727,57437.02770161629
 , , ,16,100,16,43.9945925,1.6245431320293195,57841.63858819008
 , , ,16,32,80,38.162348,1.6245449739996822,58183.00162196159
 , , ,128,100,32,58.2433515,1.6245496279068825,58713.02978134155
 , ,"#pragma clang loop(i1,j1,k1,i2,j2) interchange permutation(j1,k1,i1,j2,i2)",16,128,256,19.171863,1.6245526046181016,58907.595759391785
 , , ,32,80,20,44.05982,1.6245643989850087,59309.18047094344
 , , ,16,80,128,29.8890535,1.6245679872831544,59588.82187128068
 , ,"#pragma clang loop(i1,j1,k1,i2,j2) interchange permutation(j1,k1,i1,j2,i2)",16,100,20,52.2918735,1.6245825198125867,60093.194730520256
 , ,"#pragma clang loop(i1,j1,k1,i2,j2) interchange permutation(j1,k1,i1,j2,i2)",128,128,256,19.0957275,1.624587805418909,60276.14779925346
 , , ,64,20,256,17.802882500000006,1.6245943447016986,60444.63668322562
 , , ,80,16,8,52.782612,1.6245984776871023,60924.72343111037
 , , ,8,2048,100,37.9794695,1.6246030567545515,61275.471401929855
 , , ,64,128,256,18.341865,1.6246036919759024,61448.656736850746
 , ,"#pragma clang loop(i1,j1,k1,i2,j2) interchange permutation(j1,k1,i1,j2,i2)",128,8,16,45.109941,1.624606147387134,61856.64027547836
 , ,"#pragma clang loop(i1,j1,k1,i2,j2) interchange permutation(j1,k1,i1,j2,i2)",4,100,256,17.8079095,1.624614191116606,62036.81462287902
 , ,"#pragma clang loop(i1,j1,k1,i2,j2) interchange permutation(j1,k1,i1,j2,i2)",100,64,256,19.388279500000003,1.6246251658744746,62219.78871273993
 , , ,128,128,8,58.526309,1.6246318509295,62757.90699982642
 , , ,50,2048,256,17.850684,1.6246367550882026,62926.7137761116
 , , ,4,100,256,18.049412,1.6246547134716625,63094.88031744957
 , , ,8,100,8,46.936312,1.6246547236611784,63529.30209732056
 , , ,96,8,256,17.960686000000006,1.6246613707668862,63698.58854222298
 , , ,80,128,32,47.510989,1.6246619846872894,64138.22436189652
 , , ,32,128,256,17.6312825,1.624683987481664,64308.59923839568
 , , ,4,32,8,48.8359885,1.6246990856799275,64756.714582443245
 , , ,50,64,256,17.8911245,1.6247120878564765,64928.271905899055
 , , ,16,8,16,44.497746500000005,1.6247153814830804,65330.45299005509
 , , ,16,32,128,29.2790815,1.6247196430275166,65599.61091637611
 , , ,8,8,256,17.900033999999994,1.6247317859806478,65770.10114955902
 , , ,32,64,256,18.283185,1.6247358543075887,65940.33776211739
 , , ,50,80,32,40.053698,1.6247414326730534,66314.96656417848
 , , ,96,8,8,50.7601385,1.6247614616621804,66769.66471362114
 , , ,128,8,8,50.6879825,1.6247797824996164,67228.41149067879
 , , ,4,32,64,38.095902,1.62478194978209,67574.97350049019
 , , ,96,100,20,50.4029475,1.6247870766155434,68036.53025889398
 , , ,100,20,128,32.3722615,1.6248004708016994,68330.59075856209
 , ,"#pragma clang loop(i1,j1,k1,i2,j2) interchange permutation(j1,k1,i1,j2,i2)",4,80,16,51.0495175,1.6248107863973218,68797.82793664932
 , , ,20,128,256,16.268269500000002,1.6248277802817916,68963.9919924736
 , , ,4,128,256,18.408663500000007,1.624860113322087,69140.49055814742
 , , ,80,2048,256,18.2663705,1.6248865965448,69313.23175263405
 , , ,8,100,256,18.3123275,1.62488807606843,69484.39541578293
 , ,"#pragma clang loop(i1,j1,k1,i2,j2) interchange permutation(j1,k1,i1,j2,i2)",32,8,128,31.5829595,1.6249187009073092,69774.54799890518
 , , ,80,128,16,46.86783300000001,1.6249221841210886,70207.77944946289
 , , ,50,80,8,53.1384315,1.6249249029998405,70684.49937796593
 , , ,20,16,256,18.085501,1.624927100299946,70855.39081120491
 , , ,128,80,128,38.785385,1.6249301514386196,71221.50454783441
 , , ,128,100,64,58.239926,1.624935968517237,71749.89763760567
 , , ,32,80,256,18.523935,1.6249402372260064,71925.18691158295
 , ,"#pragma clang loop(i1,j1,k1,i2,j2) interchange permutation(j1,k1,i1,j2,i2)",96,100,256,18.972757,1.624956775615167,72105.49395942688
 , , ,50,16,100,36.225768,1.6249619180286583,72437.49044203758
 , , ,80,32,8,53.752399,1.6249634281658678,72923.61735892296
 , , ,128,100,20,56.332303,1.6249728633984253,73437.20262289047
 , , ,20,100,256,17.642788000000003,1.6249753838762773,73603.59683728218
 , , ,128,32,80,39.120531,1.6249806724388396,73984.47335338593
 , , ,100,16,256,16.542806,1.6249806804099631,74153.21227931976
 , , ,32,80,8,54.403074,1.6249840864041192,74639.63115334512
 , ,"#pragma clang loop(i1,j1,k1,i2,j2) interchange permutation(j1,k1,i1,j2,i2)",128,32,256,19.101465,1.6249952343617764,74822.82240056992
 , , ,16,2048,4,52.517954,1.6249984355114842,75295.9855492115
 , , ,4,2048,20,44.8745345,1.6250023781668164,75712.6153755188
 , ,"#pragma clang loop(i1,j1,k1,i2,j2) interchange permutation(j1,k1,i1,j2,i2)",100,20,256,19.943612,1.6250063707476037,75898.79537272452
 , ,"#pragma clang loop(i1,j1,k1,i2,j2) interchange permutation(j1,k1,i1,j2,i2)",16,16,80,37.126483,1.6250144095796069,76246.550116539
 , ,"#pragma clang loop(i1,j1,k1,i2,j2) interchange permutation(j1,k1,i1,j2,i2)",32,8,256,19.6989405,1.6250152798452095,76433.19863963129
 , , ,16,64,128,29.97303,1.6250194859464275,76709.07031536102
 , , ,32,2048,50,52.1243135,1.6250251416833836,77180.42330646515
 , ,"#pragma clang loop(i1,j1,k1,i2,j2) interchange permutation(j1,k1,i1,j2,i2)",32,128,80,46.886849,1.6250262192795673,77616.52659344673
 , ,"#pragma clang loop(i1,j1,k1,i2,j2) interchange permutation(j1,k1,i1,j2,i2)",128,100,20,64.2473995,1.6250399647477811,78194.5953783989
 , , ,96,128,32,52.900889,1.6250451420321388,78684.90891385077
 , ,"#pragma clang loop(i1,j1,k1,i2,j2) interchange permutation(j1,k1,i1,j2,i2)",4,32,20,46.7528475,1.625045752379081,79098.94787716866
 , ,"#pragma clang loop(i1,j1,k1,i2,j2) interchange permutation(j1,k1,i1,j2,i2)",8,16,256,21.657711,1.6250486101140522,79304.54970026016
 , ,"#pragma clang loop(i1,j1,k1,i2,j2) interchange permutation(j1,k1,i1,j2,i2)",128,100,256,19.101589500000006,1.6250493396334482,79483.63715791702
 , , ,96,32,64,43.63011,1.6250524431940263,79871.48123383522
 , , ,4,128,16,44.956333,1.6250534166318882,80283.90949726106
 , ,"#pragma clang loop(i1,j1,k1,i2,j2) interchange permutation(j1,k1,i1,j2,i2)",100,128,80,52.5789345,1.6250559407861631,80770.1016869545
 , , ,4,16,16,44.93138550000001,1.6250709162071884,81177.80807042122
 , ,"#pragma clang loop(i1,j1,k1,i2,j2) interchange permutation(j1,k1,i1,j2,i2)",4,32,256,19.1353165,1.625071567880604,81356.36145019531
 , ,"#pragma clang loop(i1,j1,k1,i2,j2) interchange permutation(j1,k1,i1,j2,i2)",4,32,128,34.630840500000005,1.625072536554647,81672.80639338492
 , , ,80,100,80,47.485916,1.6250746635198114,82122.09828281403
 , ,"#pragma clang loop(i1,j1,k1,i2,j2) interchange permutation(j1,k1,i1,j2,i2)",50,16,20,44.5668685,1.6250786196520193,82533.71430897713
 , , ,100,100,8,57.28667049999999,1.6250805086568656,83063.56016469003
 , , ,100,128,8,57.8132595,1.5560958509918117,83587.88960623741
 , , ,96,64,8,56.396714,1.5784775760981975,84097.0990486145
 , ,"#pragma clang loop(i1,j1,k1,i2,j2) interchange permutation(j1,k1,i1,j2,i2)",4,100,4,53.3354725,1.5926112751949328,84611.41501116753
 , , ,96,100,16,47.837071,1.5948519901562883,85049.036714077
 , , ,4,100,80,37.56627500000001,1.5952921495229664,85391.27505993843
 , , ,128,16,16,30.901475,1.5964141043174107,85697.80873703957
 , , ,50,16,8,37.86651,1.6019768584370535,86048.69929265976
 , ,"#pragma clang loop(i1,j1,k1,i2,j2) interchange permutation(j1,k1,i1,j2,i2)",8,128,8,38.452184,1.6107544494916748,86403.62467265129
 , , ,32,128,16,31.7167975,1.5210735982160355,298.1121623516083
 , , ,4,50,256,14.494793,1.577656011355104,439.8096036911011
 , ,"#pragma clang loop(i1,j1,k1,i2,j2) interchange permutation(j1,k1,i1,j2,i2)",100,100,16,45.6279615,1.5824632903741378,859.9796779155731
 , , ,100,80,100,34.8409805,1.583758915947803,1183.5383961200714
 , , ,20,50,256,14.630476,1.5849353079451265,1323.9529774188995
 , , ,32,100,32,29.763486,1.591953182051303,1601.419662475586
 , , ,4,100,128,22.0985045,1.5930700119226886,1809.019797086716
 , , ,4,32,50,31.2147605,1.5979637616519835,2099.638149738312
 , ,"#pragma clang loop(i1,j1,k1,i2,j2) interchange permutation(j1,k1,i1,j2,i2)",20,128,256,16.5896625,1.5990484129395273,2257.621584892273
 , , ,32,32,50,30.934487,1.5999463387264397,2545.8259596824646
 , ,"#pragma clang loop(i1,j1,k1,i2,j2) interchange permutation(j1,k1,i1,j2,i2)",100,80,256,15.806978,1.6016136771493112,2698.994611263275
 , , ,20,20,50,30.60613,1.6035717953684323,2983.793642282486
 , , ,16,100,50,31.671028,1.6043011868464612,3279.3828394412994
 , , ,16,8,256,14.8129525,1.604474886207675,3420.865843772888
 , , ,128,100,256,14.8809755,1.604717794742187,3563.722094297409
 , , ,16,32,20,30.7598575,1.6049573164305977,3850.253736257553
 , , ,20,80,256,14.5997385,1.6052511309176882,3990.373373746872
 , , ,32,128,50,32.842036,1.6080275547520178,4296.932690143585
 , , ,128,4,256,15.126071,1.6083571496107398,4441.655502080917
 , , ,128,80,8,38.9240795,1.6086384940155556,4801.870455026627
 , , ,100,100,32,42.461529,1.6089220736966747,5194.096794605255
 , , ,128,80,20,34.35923699999999,1.6089811236839662,5513.229779720306
 , , ,32,32,20,31.1172035,1.6098753915098112,5801.966683626175
