p0,p1,p2,p3,p4,p5,p6,p7,p8,objective,predicted,elapsed_sec
4,100,#pragma clang unrolling full, ,2,16,128,balanced,threads,17.66915774345398,6.186856536457454,96.0609450340271
4,10, , ,8,16,128,scatter,sockets,18.220808267593384,6.770453477010649,190.7780122756958
4,40,#pragma clang unrolling full, ,256,256,80,scatter,sockets,17.839224815368652,6.811890497516408,286.5062069892884
4,200, , ,96,32,64,balanced,sockets,17.561368465423584,6.985683961070376,377.88912415504456
4,80, , ,2,4,20,compact,sockets,18.105082750320435,7.172491828523163,471.5641677379608
4,200, , ,8,128,10,balanced,threads,17.715699672698975,7.430205535414188,566.7828817367554
4,80, , ,2,256,128,balanced,threads,18.05858087539673,7.626701610565466,660.4372627735138
4,10, , ,96,256,128,balanced,threads,17.946327686309814,7.659497177614377,752.6003842353821
4,40, , ,96,128,20,balanced,threads,18.738100051879883,7.780493100803417,850.3093030452728
4,64, , ,8,96,20,compact,sockets,17.670934438705444,7.785300709987286,942.0147218704224
4,10, , ,2,32,80,compact,cores,17.480356216430664,7.915002244287978,1033.5028541088104
4,40, , ,96,96,80,compact,sockets,17.826595067977905,7.938522424284613,1125.8829629421234
4,80, , ,96,256,80,compact,sockets,17.445083141326904,8.046514989834181,1219.0284342765808
4,200,#pragma clang unrolling full, ,96,128,80,balanced,threads,17.618186473846436,8.052428510213723,1311.3497207164764
5,80,#pragma clang unrolling full, ,256,96,80,balanced,sockets,19.337506771087646,8.12282242553054,1407.7824268341064
5,160, , ,64,256,128,compact,sockets,19.51926302909851,8.276470422472864,1509.0265400409698
4,160, , ,96,2,20,scatter,threads,17.695374727249146,8.353017785189849,1600.727177619934
4,200, , ,96,96,128,balanced,threads,17.709181308746338,8.36388420530195,1694.0052757263184
4,40, , ,8,256,128,scatter,sockets,17.73906135559082,8.36473016331906,1785.9634449481964
4,10, , ,96,96,160,compact,sockets,18.004244327545166,8.526794399394097,1878.7788779735563
4,10,#pragma clang unrolling full, ,8,2,64,balanced,threads,17.793033123016357,8.779132052178083,1970.561861038208
4,10, , ,96,96,64,scatter,sockets,17.618942260742188,8.86815479806729,2063.061765432358
4,200, , ,96,256,64,balanced,sockets,17.851271390914917,9.060621947764265,2155.163070917129
4,10, , ,96,96,20,scatter,sockets,17.807801961898804,9.082164682551513,2247.4409914016724
4,100, , ,256,2,80,compact,sockets,17.61362910270691,9.104367076551547,2339.603673219681
4,200, , ,256,256,20,balanced,threads,17.51556158065796,9.139029566534973,2430.977230548858
4,64,#pragma clang unrolling full, ,2,2,20,balanced,cores,17.85868811607361,9.182573489715534,2523.3055958747864
4,200, , ,256,64,20,balanced,sockets,17.614725589752197,9.201253265220428,2614.6771245002747
4,80,#pragma clang unrolling full, ,2,128,20,compact,sockets,17.784481287002563,9.29270038210271,2706.770480632782
4,80, , ,96,256,128,balanced,sockets,17.774704933166504,9.34060668404773,2798.633418321609
4,80, , ,96,256,128,balanced,threads,17.60668182373047,9.353541305793104,2890.659974336624
4,40, , ,32,128,20,balanced,sockets,17.720070123672485,9.389771362770691,2982.1208431720734
4,80,#pragma clang unrolling full, ,96,32,10,compact,threads,17.92113447189331,9.396955338220891,3076.628119468689
4,10,#pragma clang unrolling full, ,96,32,160,balanced,sockets,17.76033067703247,9.556530786505002,3169.689222097397
4,40, , ,2,128,128,scatter,threads,17.630664587020874,9.567455258282903,3261.200159549713
5,200, , ,8,96,160,scatter,sockets,19.430786609649655,9.5914958994614,3358.276074409485
4,40, , ,8,96,80,compact,threads,17.627196073532104,9.597270203091435,3449.5072548389435
4,10, , ,96,4,128,compact,threads,17.8223295211792,9.77357881561526,3542.07794547081
4,64,#pragma clang unrolling full, ,96,96,80,compact,sockets,17.778967142105103,9.811793950726388,3633.620330810547
4,40, , ,96,2,100,scatter,sockets,17.859769105911255,9.911555135097748,3726.822045326233
4,40, , ,256,128,80,balanced,threads,17.688469409942627,9.932059750996538,3818.48362159729
4,40,#pragma clang unrolling full, ,256,8,128,compact,threads,17.69152808189392,9.957546018536856,3910.58386015892
4,64,#pragma clang unrolling full, ,8,8,20,scatter,sockets,17.948591470718384,10.088623268797948,4002.992758989334
4,200, , ,96,2,80,balanced,threads,17.770968198776245,10.09838454447378,4094.967331171036
4,200,#pragma clang unrolling full, ,96,128,64,compact,threads,17.574148893356323,10.150965773093777,4186.559164047241
4,40, , ,96,256,20,scatter,threads,17.39979577064514,10.174160090395898,4277.775719881058
4,40,#pragma clang unrolling full, ,64,96,64,compact,threads,17.617187976837158,10.249385818312376,4370.219939470291
4,40, , ,8,128,64,balanced,threads,17.680038690567017,10.292251459802152,4461.709303617477
5,64,#pragma clang unrolling full, ,8,128,64,compact,sockets,19.60608458518982,10.304077500478291,4559.676320075989
4,128, , ,96,256,128,balanced,cores,17.719338178634644,10.347373827118666,4651.34716463089
4,10,#pragma clang unrolling full, ,128,256,128,compact,cores,17.797119855880737,10.391717807053514,4743.895933389664
4,160,#pragma clang unrolling full, ,96,96,64,scatter,sockets,17.819769144058228,10.409077562050843,4835.96343255043
4,80, , ,2,96,40,scatter,threads,17.70532727241516,10.50890193997936,4928.1487555503845
4,100,#pragma clang unrolling full, ,96,96,20,balanced,threads,18.001936674118042,10.574645579758824,5022.594029903412
4,160, , ,96,96,80,scatter,threads,18.16448950767517,10.578959965544223,5116.826676368713
4,40,#pragma clang unrolling full, ,96,8,80,scatter,sockets,18.077937602996823,10.590465523829645,5209.69225025177
4,100,#pragma clang unrolling full, ,8,2,80,scatter,sockets,17.771618127822876,10.604778884701163,5305.825131177902
4,200,#pragma clang unrolling full, ,8,96,80,compact,sockets,17.603173971176147,10.680434153135886,5397.847613334656
4,10, , ,8,2,20,balanced,sockets,17.660801887512207,10.68380401758492,5493.294426202774
4,20, , ,8,2,80,compact,sockets,17.697538375854492,10.745605519857376,5586.834762811661
4,200, , ,8,128,10,balanced,sockets,17.681482315063477,10.767143392021952,5680.071487903595
4,80,#pragma clang unrolling full, ,8,64,20,compact,sockets,18.14099907875061,10.769624157824778,5775.454560279846
4,80,#pragma clang unrolling full, ,64,8,10,compact,threads,17.8329861164093,10.793854124815924,5869.396064281464
4,80, , ,96,8,128,scatter,threads,18.086387634277344,10.857408867939832,5964.663902044296
4,128,#pragma clang unrolling full, ,64,96,10,scatter,threads,17.858195066452026,10.857865875204752,6059.768044233322
4,40, , ,8,96,20,balanced,sockets,17.963619232177734,10.912666670418952,6152.3799793720245
4,160,#pragma clang unrolling full, ,2,8,20,compact,sockets,17.845173120498657,10.9178674396262,6244.40133357048
4,200, , ,96,8,80,compact,sockets,17.72585916519165,10.994129674740908,6336.12442278862
4,200,#pragma clang unrolling full, ,2,96,80,balanced,sockets,17.794660091400146,11.000015482076597,6428.085785150528
4,200, , ,96,256,128,scatter,cores,17.570775508880615,11.080019440081966,6519.476227045059
4,10, , ,256,64,80,balanced,threads,17.734222888946533,11.085966221256228,6611.7233991622925
4,10,#pragma clang unrolling full, ,2,128,64,balanced,sockets,17.681418657302856,11.104472094042508,6704.058087587357
4,200,#pragma clang unrolling full, ,8,128,128,balanced,threads,17.867682933807373,11.11634922750153,6799.176778316498
4,40, , ,96,256,64,scatter,sockets,17.672032833099365,11.151014334910386,6890.897399425507
4,40,#pragma clang unrolling full, ,2,256,10,balanced,sockets,17.71045970916748,11.15535322930373,6982.600332975388
4,128,#pragma clang unrolling full, ,64,96,64,compact,sockets,17.61428165435791,11.190509151699516,7073.904268503189
4,64, , ,2,96,200,compact,threads,17.610585927963257,11.199658323736028,7166.324135303497
4,10, , ,96,256,128,balanced,sockets,17.762210369110107,11.251862954783691,7258.403775930405
4,80, , ,2,128,64,compact,sockets,17.726360321044922,11.275963091484462,7350.624844789505
4,64, , ,96,256,10,balanced,threads,17.790191888809204,11.411115423758702,7443.173719167709
4,80, , ,96,96,128,compact,cores,17.63754892349243,11.413177199752946,7534.6976182460785
4,80, , ,16,256,128,compact,threads,17.736841917037964,11.415650807585006,7627.169653177261
4,40,#pragma clang unrolling full, ,96,128,10,scatter,sockets,17.63456082344055,11.528608221357857,7718.803941249847
4,20, , ,8,128,10,scatter,cores,18.149882316589355,11.54779608885264,7812.321712732315
4,80, , ,8,16,80,scatter,threads,17.622048377990723,11.56234739280502,7906.048283100128
4,10, , ,8,2,64,scatter,sockets,17.536848306655884,11.586841889277808,7999.996161699295
4,200, , ,2,256,128,balanced,threads,18.612728595733643,11.682036554638426,8096.537667274475
4,80,#pragma clang unrolling full, ,64,128,20,compact,sockets,19.02723503112793,11.852471379588032,8194.77582025528
4,200, , ,2,2,20,balanced,threads,18.099522590637207,11.866550167760195,8290.808133363724
4,64, , ,96,128,80,scatter,sockets,17.76956582069397,11.8712265808175,8383.890164613724
4,64, , ,96,256,40,balanced,threads,17.829285144805908,11.882797476188747,8475.743518829346
4,200, , ,96,256,128,scatter,sockets,17.77019762992859,11.894556012053892,8569.140146970749
4,80, , ,2,128,128,compact,threads,17.78550624847412,11.930920414211304,8661.944502592087
4,80, , ,256,16,128,compact,threads,17.550698041915894,11.996161184663377,8754.127409219742
5,200, , ,64,2,160,balanced,sockets,19.38527202606201,12.0233319251623,8852.708933830261
4,200, , ,128,96,64,scatter,sockets,17.672447681427002,12.032598051244982,8945.96895647049
4,200, , ,96,32,128,balanced,sockets,17.98103404045105,12.07666973586679,9038.879910230637
4,10,#pragma clang unrolling full, ,96,96,20,balanced,cores,17.799967288970947,12.089141531502465,9131.07917046547
4,10, , ,96,256,20,balanced,threads,17.640796661376953,12.115185529570631,9222.902254343033
4,80, , ,2,96,128,compact,sockets,17.641000032424927,12.127301003320776,9314.458904266356
4,40, , ,96,256,40,compact,sockets,18.03324294090271,12.135080266498976,9408.148280382156
4,64, , ,256,256,128,balanced,sockets,17.96577286720276,12.164705750052262,9500.92605137825
4,20,#pragma clang unrolling full, ,96,128,80,scatter,sockets,17.708290815353394,12.165803544701246,9592.823348760605
4,40, , ,8,96,128,balanced,threads,17.946878671646118,12.166214824062813,9685.324432611464
4,200, , ,8,96,200,balanced,sockets,17.769866704940796,12.185466503419534,9777.493889331818
4,10,#pragma clang unrolling full, ,256,256,128,compact,threads,17.776252269744873,12.19405283557228,9869.595291376114
5,100, , ,128,8,40,balanced,sockets,19.18475890159607,12.200143053821964,9965.771223068235
4,64,#pragma clang unrolling full, ,8,8,80,balanced,sockets,17.849045753479004,12.267268688096689,10058.807919502258
4,10,#pragma clang unrolling full, ,8,96,128,scatter,sockets,17.672189712524414,12.307893317691894,10150.813976049423
4,40, , ,2,256,128,balanced,sockets,18.10925316810608,12.318736154315191,10244.548525571823
4,40,#pragma clang unrolling full, ,96,256,160,balanced,sockets,17.809911251068115,12.388260640764743,10336.686621427536
4,200, , ,96,64,20,balanced,threads,17.706230401992798,12.394382245012048,10429.63807606697
4,40, , ,96,96,128,scatter,sockets,17.79194211959839,12.394987853867915,10521.730614900587
4,40, , ,96,96,128,scatter,threads,17.699962854385376,12.437500568279184,10614.555484294891
4,40, , ,2,2,128,balanced,threads,17.99320411682129,12.463746785313536,10707.24068403244
4,40, , ,2,96,128,compact,threads,17.670772075653076,12.474309430559806,10799.142055749891
4,80,#pragma clang unrolling full, ,2,96,20,balanced,threads,17.59955096244812,12.482277613776697,10891.092005729675
4,10, , ,2,128,80,balanced,sockets,17.361207485198975,12.537397161935449,10982.508459091188
4,64, , ,96,96,20,scatter,sockets,17.711830139160156,12.55032652077789,11074.809019804
4,160,#pragma clang unrolling full, ,2,16,40,balanced,sockets,17.70402240753174,12.56126006475195,11166.63028717041
4,200, , ,256,2,128,compact,threads,17.884488582611084,12.595853911334292,11259.234305858612
4,200, , ,256,4,64,scatter,cores,17.68794584274292,12.6121591921147,11350.538663625715
4,160, , ,96,8,200,compact,threads,17.8409743309021,12.618873812196249,11443.269456624985
4,64, , ,2,96,128,scatter,threads,17.796693325042725,12.69466501288704,11535.188925027847
4,200, , ,8,256,128,scatter,sockets,17.814798593521118,12.70044155658972,11628.473855733871
4,200,#pragma clang unrolling full, ,2,96,20,balanced,threads,17.8875412940979,12.72416579617699,11720.413257598875
4,10, , ,96,128,80,scatter,threads,17.69139337539673,12.739250461560662,11812.697473049164
4,200, , ,8,256,20,scatter,sockets,17.707152128219604,12.764785586429612,11904.79895877838
4,64, ,#pragma omp parallel for,256,16,20,balanced,sockets,17.77432131767273,12.789277376476496,11993.726427316666
4,10,#pragma clang unrolling full, ,8,256,64,balanced,sockets,17.91330862045288,12.796927296618293,12086.253249168396
4,10,#pragma clang unrolling full, ,8,96,64,compact,sockets,17.86822247505188,12.833826641385857,12178.209213018416
4,80, , ,2,8,20,balanced,threads,17.76282262802124,12.837955509634394,12270.35051202774
4,10,#pragma clang unrolling full, ,2,2,20,balanced,threads,17.548619985580444,12.911762556457072,12361.398651599884
4,10, , ,8,2,64,balanced,cores,17.833245515823364,12.941648283107217,12455.261868953705
4,80, , ,128,128,80,balanced,threads,17.906126022338867,12.98528822056697,12547.63649225235
4,64,#pragma clang unrolling full, ,2,32,128,scatter,threads,17.56297278404236,12.9998514290447,12639.306415319445
4,40,#pragma clang unrolling full, ,256,256,80,balanced,threads,17.7325119972229,13.025600082838418,12731.669223308563
4,200,#pragma clang unrolling full, ,8,96,128,scatter,sockets,17.62827754020691,13.077598080582256,12823.388818025587
4,200,#pragma clang unrolling full, ,96,256,80,scatter,sockets,17.714719533920288,13.100993970896145,12915.522194385529
4,64, , ,8,96,80,compact,threads,17.659719228744507,13.13098620614666,13006.900676727297
4,10,#pragma clang unrolling full, ,8,96,20,balanced,sockets,17.7685329914093,13.16515325045192,13099.473524332048
4,20, , ,2,96,10,compact,threads,17.609925270080566,13.180131172984376,13191.489151000977
4,200, , ,128,96,160,balanced,sockets,17.72522783279419,13.202990328313216,13284.224404335022
4,40, , ,96,256,20,scatter,sockets,17.65467643737793,13.209274916582867,13375.703382968904
4,80, , ,8,8,128,balanced,threads,17.766286373138428,13.2159078218679,13468.42134141922
4,160,#pragma clang unrolling full, ,96,2,128,compact,threads,17.80697202682495,13.254155284241325,13560.874715089798
4,64,#pragma clang unrolling full, ,128,2,64,scatter,sockets,17.514876127243042,13.292350874350388,13652.438682556152
4,200,#pragma clang unrolling full, ,96,96,128,scatter,threads,17.761707067489624,13.317243618155336,13744.665890455246
4,200, , ,96,96,160,compact,sockets,17.607094764709473,13.3422146191517,13836.07340502739
4,20, , ,128,96,20,balanced,sockets,17.785228967666626,13.351018024489608,13928.809021949768
4,10, ,#pragma omp parallel for,96,8,160,balanced,threads,17.84385061264038,13.352073405922326,14018.511770248411
4,40,#pragma clang unrolling full, ,2,8,80,compact,sockets,17.921961784362793,13.439966002677863,14111.75637793541
4,80, , ,96,128,20,compact,sockets,17.815336227416992,13.44358679199354,14203.524837732317
4,40, , ,96,256,80,balanced,sockets,18.127556324005127,13.45888890566055,14296.778616189957
4,10, , ,8,96,64,balanced,sockets,17.858091592788696,13.468454595544138,14388.935115337372
4,100, , ,8,16,128,balanced,sockets,18.017329931259155,13.473916563538811,14482.510415792463
4,40, , ,8,4,128,balanced,sockets,17.72367024421692,13.475644320121043,14574.10643839836
4,100,#pragma clang unrolling full, ,2,128,128,balanced,sockets,18.18053770065308,13.48271249810832,14667.531423568726
4,200, , ,256,32,20,balanced,threads,17.982011556625366,13.519254034201358,14764.841342449188
4,200,#pragma clang unrolling full, ,2,128,128,balanced,cores,17.669422149658203,13.52512516334576,14858.618967294691
4,80, , ,2,96,20,balanced,sockets,17.786685705184937,13.55299272204122,14950.607407808304
4,200, , ,96,8,80,balanced,threads,17.674695253372192,13.588628087726567,15042.015656709673
4,10, , ,96,16,64,balanced,threads,17.677279472351074,13.64366154150552,15134.331012010574
4,100, , ,8,96,128,compact,sockets,17.762121200561523,13.65712588203588,15226.215929985046
4,10, , ,96,2,128,balanced,cores,17.79216718673706,13.670319903720731,15319.44513297081
4,160,#pragma clang unrolling full, ,96,8,20,balanced,threads,17.844008684158325,13.67793437896676,15411.527302265167
4,200, , ,8,256,160,balanced,sockets,18.03064250946045,13.743741253331564,15505.0261824131
4,20, , ,8,64,100,scatter,sockets,17.81866955757141,13.776307086588096,15597.299272298813
4,40,#pragma clang unrolling full, ,8,128,20,balanced,cores,18.1638605594635,13.777568616861045,15690.783050060272
4,80, , ,8,64,80,balanced,sockets,17.731921911239624,13.85809458486738,15782.26438164711
4,64, , ,8,4,10,compact,sockets,17.7234308719635,13.87840628130919,15874.377683639526
4,80,#pragma clang unrolling full, ,16,256,128,compact,sockets,17.80085039138794,13.91207408754243,15966.375949144363
4,128, , ,2,96,128,scatter,threads,17.904387712478638,14.04150297866786,16058.523698329926
4,200, , ,2,2,20,compact,threads,17.822566509246826,14.05951067209827,16151.073741197586
4,40,#pragma clang unrolling full, ,96,8,80,scatter,cores,17.734929084777832,14.068679987898156,16243.180019378662
4,10, , ,256,2,160,compact,threads,18.035884380340576,14.159267717561317,16336.328708410265
4,160, , ,8,2,128,compact,sockets,17.94929528236389,14.243366842883736,16428.76649069786
4,64, , ,32,96,128,balanced,sockets,18.18342447280884,14.24698038648274,16522.34093093872
4,80,#pragma clang unrolling full, ,96,96,80,balanced,sockets,17.858131885528564,14.250099145493866,16614.5976228714
4,20, , ,96,8,80,balanced,threads,17.612098217010498,14.267955629967044,16707.97548174858
4,200, , ,2,96,20,balanced,threads,18.007501125335693,14.30727880735282,16800.223616600037
4,80, , ,256,256,20,compact,threads,17.487956285476685,14.340965262165524,16892.202471733093
4,10, , ,96,128,128,balanced,sockets,17.674639463424683,14.350188389783026,16983.874579668045
4,10, , ,8,96,80,balanced,sockets,17.616644859313965,14.393598688885296,17075.843957662582
4,200, , ,2,8,80,balanced,sockets,17.834928274154663,14.477599978138477,17168.421467781067
4,40,#pragma clang unrolling full, ,2,96,80,balanced,sockets,17.726913452148438,14.482332153010692,17260.515562057495
4,40, , ,96,8,80,balanced,threads,17.96280288696289,14.507221085919277,17353.711741685867
4,40, , ,64,4,80,scatter,sockets,17.9295711517334,14.508618759622214,17445.884459733963
4,200, , ,2,2,128,scatter,threads,17.910382747650146,14.516641784999994,17538.94240307808
4,200, , ,96,256,20,balanced,cores,17.86833119392395,14.51722772526758,17631.3955450058
4,40,#pragma clang unrolling full, ,256,2,128,scatter,threads,17.939704656600952,14.51858973753605,17724.63510298729
4,64, , ,2,4,160,compact,cores,17.653722047805786,14.537213978177428,17816.49232196808
4,80, , ,8,96,128,compact,cores,17.760494232177734,14.564690861624038,17908.904803276062
4,200, , ,8,8,200,scatter,threads,17.83996295928955,14.567116665549126,18001.160977602005
4,200,#pragma clang unrolling full, ,2,2,64,balanced,threads,17.75739026069641,14.607996404398204,18092.805687189106
4,100, , ,2,96,20,balanced,threads,17.851314544677734,14.671374985315856,18185.33274579048
4,20, , ,96,96,20,scatter,threads,17.62610387802124,14.73462561769787,18276.832088947296
4,10,#pragma clang unrolling full, ,2,2,64,scatter,sockets,17.977405309677124,14.74281124857944,18369.711374521252
4,64, , ,8,256,64,compact,sockets,17.79208493232727,14.757356522803056,18461.582883358
4,200, , ,16,128,128,scatter,threads,17.918872594833374,14.757662028724427,18555.17381668091
4,64, , ,96,32,128,scatter,threads,17.765920400619507,14.778300251779688,18647.38941502571
4,40, , ,96,96,20,balanced,sockets,17.808074235916138,14.783656515778253,18740.31641197205
4,10, , ,2,64,80,scatter,sockets,17.932101488113403,14.819218048329104,18832.68987941742
4,200, , ,256,96,80,compact,threads,17.879048347473145,14.878128433341244,18925.4468126297
4,200, , ,2,2,64,balanced,sockets,17.938567399978638,14.890023593982145,19018.100057840347
4,200, , ,256,96,128,scatter,sockets,17.592774391174316,14.94029727391122,19110.23015713692
4,20,#pragma clang unrolling full, ,64,256,80,compact,threads,17.84802770614624,14.959235199145777,19203.1146941185
4,80, , ,2,128,80,scatter,sockets,17.86795425415039,15.032110820852877,19295.076538085938
4,80, , ,2,128,160,compact,threads,18.01572132110596,15.046780168952171,19388.236308336254
4,200, , ,2,128,20,balanced,sockets,17.674925327301025,15.060458548532656,19479.867900133133
4,200, , ,2,4,20,balanced,cores,18.11502575874329,15.091222439162191,19572.87374448776
4,80, , ,2,256,80,balanced,threads,17.921942949295044,15.166089878322092,19665.152195215225
4,200,#pragma clang unrolling full, ,96,32,40,balanced,sockets,17.59133243560791,15.186266545635918,19756.714520454407
4,20, , ,2,2,20,scatter,sockets,17.669788360595703,15.187312287635004,19848.41172838211
4,10,#pragma clang unrolling full, ,128,256,10,balanced,cores,17.514700651168823,15.204679448128928,19939.485055446625
4,40, , ,96,96,20,scatter,threads,17.51396942138672,15.23887839603824,20030.22624707222
4,40, , ,96,4,160,compact,sockets,17.81618618965149,15.239277819930852,20121.7892639637
4,200, , ,96,96,80,compact,threads,17.66445016860962,15.308960174834931,20213.137172222137
4,160, , ,2,32,10,scatter,sockets,17.45754313468933,15.340081920989862,20303.77013015747
4,64, , ,2,2,128,balanced,cores,17.6013023853302,15.423117834611354,20395.15058517456
4,20, , ,128,96,80,compact,threads,17.601348161697388,15.47797017664172,20486.563890457157
4,200,#pragma clang unrolling full, ,96,256,20,compact,threads,17.423668146133423,15.488678793822704,20577.848529815677
4,20, , ,96,256,64,compact,sockets,17.539132118225098,15.635848085726202,20668.857661008835
4,200,#pragma clang unrolling full, ,128,256,128,scatter,sockets,17.591769456863403,15.649596536581544,20759.81719207764
4,40,#pragma clang unrolling full, ,8,32,80,balanced,threads,17.549782514572144,15.70101978549276,20850.854355812076
4,100, , ,2,256,128,balanced,threads,17.368053436279297,15.71146476202046,20941.380200624462
4,128,#pragma clang unrolling full, ,256,2,80,balanced,cores,17.521937608718872,15.715356746708911,21032.342646837234
4,200, , ,2,256,64,scatter,threads,17.751341342926025,15.800532438936024,21123.879381656647
4,200, , ,2,128,40,compact,threads,17.564855098724365,15.849636835449964,21214.91175055504
4,64, , ,128,256,128,compact,cores,17.523123741149902,15.93946155874342,21305.882471561432
4,40,#pragma clang unrolling full, ,96,8,128,balanced,threads,17.47816252708435,15.971175890572926,21396.886188030243
4,10, , ,2,128,80,scatter,threads,17.46872067451477,15.985876809806646,21488.02586078644
4,200, , ,2,2,128,balanced,threads,17.597065687179565,16.026865706997015,21579.110624313354
4,40, , ,96,32,128,compact,threads,17.514248847961426,16.104238631063147,21670.344128608704
4,80, , ,8,64,64,balanced,cores,17.55534839630127,16.11697357755519,21761.35450911522
4,40, , ,256,128,64,scatter,sockets,17.634617805480957,16.122680825995538,21852.680447101597
4,200,#pragma clang unrolling full, ,8,32,10,balanced,threads,17.65635871887207,16.28948848063703,21943.868557929996
4,200,#pragma clang unrolling full, ,2,2,128,scatter,threads,17.510188579559326,16.415948140274317,22035.02791762352
4,200, , ,128,96,128,balanced,threads,17.555789470672607,16.444433042618105,22126.077825546265
4,128, , ,2,96,20,scatter,sockets,17.526110410690308,16.44964610651998,22217.237919807438
4,64, , ,128,64,64,balanced,threads,17.514123916625977,16.489942011449447,22308.31151008606
5,200, , ,2,96,160,balanced,sockets,19.08594274520874,16.499983174875116,22403.883289813995
4,10, , ,2,256,64,scatter,sockets,17.381861686706543,16.521063277443172,22495.563344955444
4,10,#pragma clang unrolling full, ,96,96,128,balanced,sockets,17.536988019943237,16.632011801946526,22586.72712278366
4,128,#pragma clang unrolling full, ,2,96,64,compact,cores,17.439010858535767,16.751349882178555,22677.41620516777
4,10, , ,2,96,128,balanced,cores,17.513391971588135,16.798707387012982,22768.243780612946
4,10,#pragma clang unrolling full, ,256,8,160,balanced,sockets,17.67060112953186,16.830258938888505,22859.57459187508
4,200,#pragma clang unrolling full, ,256,8,128,balanced,threads,17.506491661071777,16.83701865330516,22950.71054148674
4,10, , ,96,8,80,scatter,cores,17.555726289749146,16.89323153715639,23041.847524881363
4,40, , ,256,2,20,balanced,cores,17.62903618812561,16.93910932611645,23133.050572156902
4,20, , ,96,8,64,balanced,threads,17.59082269668579,17.00884535069805,23224.307087421417
4,10,#pragma clang unrolling full, ,128,256,128,balanced,cores,17.67864441871643,17.014957070081827,23315.701803922653
4,40, , ,8,128,80,compact,threads,17.572715997695923,17.106754737184385,23406.64277291298
4,10, , ,64,8,80,balanced,threads,17.64025330543518,17.115756417703825,23498.02006149292
4,40,#pragma clang unrolling full, ,256,256,20,balanced,threads,17.5248441696167,17.162960505813484,23589.15533876419
4,200, , ,256,96,64,balanced,cores,17.62131094932556,17.190606988359555,23680.355974197388
4,128, , ,96,256,64,balanced,sockets,17.34961700439453,17.30020130520205,23770.88085460663
5,200, , ,96,64,64,balanced,threads,19.09271812438965,17.315348451423528,23866.74000620842
4,80,#pragma clang unrolling full, ,256,2,64,balanced,cores,17.51645517349243,17.379797145116754,23957.487808704376
4,200, , ,96,96,80,compact,sockets,17.779159784317017,17.500069489396495,24049.169487714767
4,10, , ,96,8,80,compact,sockets,17.64054298400879,17.533770025657688,24140.718450546265
4,40, , ,2,96,20,balanced,threads,17.626703023910522,17.614763090241553,24232.08352279663
4,200, , ,2,8,128,scatter,threads,17.501111030578613,17.680728860284855,24323.443721055984
4,80, , ,2,32,64,balanced,cores,17.624980688095093,17.818223483462916,24415.0380589962
4,40, , ,8,256,80,compact,threads,17.559041500091553,17.845102682185757,24506.187386274338
4,40, , ,8,2,80,balanced,cores,17.521189212799072,17.901763985547394,24597.298657417297
4,10, , ,128,2,80,balanced,threads,17.574426412582397,17.908739831930195,24688.720655202866
4,64, , ,128,16,128,balanced,threads,17.493807077407837,17.942047837572602,24779.599281787872
4,64,#pragma clang unrolling full, ,64,256,128,balanced,sockets,17.525551319122314,18.242771819326517,24874.00519514084
4,40,#pragma clang unrolling full, ,96,2,80,scatter,threads,17.67898726463318,18.375756456095637,24965.304045677185
4,200, , ,8,8,80,balanced,threads,17.490246295928955,18.431769007720224,25055.96524310112
4,160, , ,64,2,80,scatter,cores,17.66586446762085,18.55735853462941,25147.16057729721
4,128,#pragma clang unrolling full, ,96,2,40,balanced,cores,17.668333292007446,18.57856382626201,25238.294137716293
4,40,#pragma clang unrolling full, ,96,96,128,scatter,threads,17.41048240661621,18.720016260505176,25329.07706189156
4,80, , ,64,16,10,compact,cores,17.51214027404785,18.991544727706444,25420.092571496964
4,160,#pragma clang unrolling full, ,8,32,64,balanced,sockets,17.636791467666626,19.037465142789884,25511.57121086121
4,10, , ,64,96,10,balanced,threads,17.43967080116272,19.24092713827616,25602.137731790543
4,80,#pragma clang unrolling full, ,8,96,80,compact,threads,17.620988130569458,19.25169147042436,25693.558838129044
4,10,#pragma clang unrolling full, ,32,2,20,compact,cores,17.491019010543823,19.38039431452888,25784.379202127457
4,10,#pragma clang unrolling full, ,256,96,200,balanced,cores,17.512327194213867,19.53159980500233,25875.43698143959
4,200,#pragma clang unrolling full, ,8,96,128,compact,cores,17.491024255752563,19.87673074070702,25966.316581726074
4,200, , ,2,96,64,compact,sockets,17.45532202720642,19.950828924806128,26057.25331282616
4,80,#pragma clang unrolling full, ,256,128,80,balanced,sockets,17.51122260093689,20.12255078041448,26148.482360601425
4,64, , ,128,2,128,balanced,threads,17.391367197036743,20.203235964808755,26238.995455026627
4,100, , ,2,8,128,balanced,threads,17.68271517753601,20.293756105855287,26330.167166233063
4,128,#pragma clang unrolling full, ,8,8,20,compact,threads,17.534260034561157,20.35525342995136,26421.01684617996
4,200, , ,96,96,80,balanced,threads,17.53995442390442,20.477807417593805,26511.85312724113
4,128,#pragma clang unrolling full, ,2,96,128,compact,sockets,17.620954751968384,20.662632006105547,26603.0020570755
4,200, , ,256,256,128,balanced,threads,17.392504453659058,20.68836362327307,26693.861898183823
4,80, , ,2,256,64,balanced,sockets,17.57321071624756,20.70361256358074,26784.95791101456
4,40, , ,128,16,128,compact,threads,17.39369773864746,20.984303709524777,26876.024527311325
4,160,#pragma clang unrolling full, ,96,96,64,compact,cores,17.617512941360474,21.41890826772112,26968.41304397583
4,160,#pragma clang unrolling full, ,64,32,20,compact,cores,17.55353307723999,21.891184809750804,27059.25279712677
4,40, , ,16,256,100,compact,sockets,17.48928666114807,22.29923235193977,27150.38926410675
4,200,#pragma clang unrolling full, ,128,128,64,balanced,threads,17.404637336730957,22.684855137991704,27241.14381957054
4,10,#pragma clang unrolling full, ,256,128,128,scatter,threads,17.511574268341064,27.465884995194347,27332.02996492386
4,200, , ,96,256,20,compact,sockets,17.707783222198486,6.588366602819231,27423.47466492653
4,10, , ,8,96,20,scatter,sockets,17.486603021621704,6.966059429891351,27514.66307449341
4,200, , ,8,2,80,balanced,threads,17.57197904586792,7.429485162375868,27605.89678788185
4,100, , ,8,256,128,compact,sockets,17.675821542739868,7.4875281981575075,27696.9357187748
5,200,#pragma clang unrolling full, ,8,2,128,scatter,sockets,19.10503911972046,4.781647011364071,97.23478174209596
5,40, , ,96,8,128,balanced,sockets,19.02983403205872,5.742083176590867,192.61697483062744
4,200,#pragma clang unrolling full, ,256,96,80,scatter,threads,17.7334144115448,7.02090760189415,284.9047763347626
4,40, , ,96,128,80,balanced,threads,17.315900802612305,7.338124104895908,375.8294198513031
4,40, , ,96,256,80,scatter,sockets,17.307114124298096,7.50894645675703,466.03017473220825
4,40, , ,96,96,20,compact,sockets,17.308202981948853,7.744265363115292,556.1990773677826
4,200, , ,8,256,40,balanced,threads,17.393975257873535,7.946705165838856,646.590475320816
4,100, , ,96,128,64,compact,cores,17.760122060775757,7.958862484743602,739.4236721992493
4,200, , ,8,8,128,balanced,threads,18.177607774734497,8.035482147034847,836.2403795719147
4,40, , ,96,96,128,balanced,sockets,17.88330602645874,8.27871425117119,928.4552767276764
4,40,#pragma clang unrolling full, ,8,256,128,compact,cores,17.711637258529663,8.311996754128117,1020.7488770484924
4,40,#pragma clang unrolling full, ,8,256,10,scatter,sockets,17.86179780960083,8.327945766581728,1112.7334690093994
4,200, , ,96,96,20,balanced,sockets,17.579853057861328,8.349150282571086,1204.3880569934845
4,160, , ,2,96,80,balanced,sockets,17.692821264266968,8.361901255895656,1296.3908994197843
4,10, , ,2,96,80,compact,sockets,17.482398986816406,8.743675421489096,1387.4686858654022
4,40,#pragma clang unrolling full, ,8,96,10,balanced,sockets,17.757431745529175,8.746538879311654,1480.147733926773
4,200, , ,2,4,80,compact,threads,17.55200219154358,8.843487852718908,1572.8736889362335
4,10, , ,8,128,128,balanced,sockets,17.89679980278015,8.916610981386741,1665.7690448760986
4,128, , ,8,256,10,balanced,threads,17.95522904396057,8.960287504518247,1757.9884822368622
4,80, , ,96,128,160,scatter,threads,18.239765644073486,9.031492903885342,1851.455638408661
4,200, , ,256,2,80,compact,sockets,17.758550882339478,9.111600146208158,1943.369184732437
4,200, , ,8,128,128,balanced,sockets,17.587882041931152,9.128402797195998,2035.2282602787016
4,10, , ,8,64,80,compact,sockets,17.708277940750122,9.132802542016568,2127.040254354477
4,64,#pragma clang unrolling full, ,8,128,80,scatter,threads,17.622860431671143,9.298273135438263,2218.469866037369
4,200, , ,96,256,10,balanced,sockets,17.793543815612793,9.303289432636062,2310.73740029335
4,10, , ,128,256,128,balanced,cores,17.726341485977173,9.369521852304072,2402.7486984729767
4,80, , ,8,8,128,balanced,threads,18.188728094100952,9.463284201823337,2496.468674182892
4,80, , ,8,128,64,scatter,sockets,17.910794973373413,9.480392497591769,2588.54452586174
4,128, , ,8,128,40,compact,sockets,17.758500337600708,9.501125605681978,2681.084924697876
4,40,#pragma clang unrolling full, ,256,8,10,compact,threads,17.784804344177246,9.5538775530733,2773.149868249893
4,10,#pragma clang unrolling full, ,96,96,20,balanced,cores,17.83213472366333,9.59307105040802,2865.8355350494385
4,200, , ,256,2,64,balanced,sockets,17.703979969024658,9.62406719152578,2957.434854745865
4,100,#pragma clang unrolling full, ,64,96,80,compact,sockets,17.58806586265564,9.692014668805616,3049.5955822467804
4,200,#pragma clang unrolling full, ,64,96,64,scatter,threads,17.78144407272339,9.788963259231686,3142.197930812836
4,40,#pragma clang unrolling full, ,96,128,80,compact,threads,17.48599863052368,9.850307533269428,3233.230808496475
4,200, , ,8,2,20,balanced,sockets,17.850722551345825,9.896264038912886,3325.775861978531
4,40, , ,8,96,80,balanced,threads,17.590097427368164,9.921210937351898,3417.0013954639435
5,64,#pragma clang unrolling full, ,64,128,128,balanced,threads,19.429678916931152,9.977951473925922,3514.324216842652
4,200, , ,8,256,64,scatter,sockets,17.656357765197754,9.998506093190754,3605.894182682037
5,80, , ,8,128,80,balanced,sockets,19.44968605041504,10.009757881080295,3702.765509366989
4,40,#pragma clang unrolling full, ,96,96,64,scatter,sockets,17.887069702148438,10.02179650508941,3794.9503400325775
4,100, , ,8,64,80,balanced,sockets,17.888783931732178,10.073192685244278,3889.37664103508
4,200,#pragma clang unrolling full, ,96,2,80,compact,threads,17.71384358406067,10.0909709465792,3981.306122541428
4,100,#pragma clang unrolling full, ,2,128,10,balanced,threads,17.551988124847412,10.368290312491151,4074.112522363663
4,40, , ,2,128,64,compact,sockets,17.944190502166748,10.5216874322823,4166.291495323181
4,64, , ,128,4,160,balanced,cores,17.7634699344635,10.545648710920016,4258.293112754822
4,10,#pragma clang unrolling full, ,96,4,64,scatter,sockets,17.7396981716156,10.560418830310809,4350.717537403107
5,160,#pragma clang unrolling full, ,96,96,80,scatter,sockets,19.370763778686523,10.627124909677104,4447.294075965881
4,40, , ,128,64,80,balanced,threads,17.998024702072144,10.63469402867026,4540.4177503585815
4,64, , ,8,96,10,balanced,sockets,17.793800354003906,10.691321665495474,4632.232904911041
4,80, , ,256,96,200,balanced,threads,17.853604078292847,10.7003269549547,4724.830564260483
4,200,#pragma clang unrolling full, ,2,256,128,balanced,sockets,17.53673267364502,10.742090757916104,4816.397900342941
4,80, , ,8,96,100,balanced,threads,18.079124450683597,10.749162360120428,4909.563514471054
4,200,#pragma clang unrolling full, ,256,128,128,scatter,threads,17.863507509231567,10.76586062270294,5001.568672418594
4,40,#pragma clang unrolling full, ,16,2,10,compact,threads,17.528676509857178,10.770290198071118,5093.980302810669
4,40, , ,128,2,80,compact,threads,17.830095767974854,10.813872176349127,5185.940333843231
4,10, , ,96,96,128,compact,threads,17.60648512840271,10.82922475425605,5277.715025424957
5,200, , ,8,2,64,scatter,sockets,19.25625729560852,10.835462815659769,5374.009647607803
4,100,#pragma clang unrolling full, ,96,8,10,scatter,threads,17.636679887771606,10.858183391582106,5465.313887834549
4,80, , ,96,96,128,balanced,threads,17.67957043647766,10.905961121285388,5557.220445156097
4,40, , ,256,8,10,compact,threads,17.794692277908325,10.913290051152064,5648.936105489731
4,200,#pragma clang unrolling full, ,8,96,80,balanced,sockets,17.879330158233643,10.937474861132886,5742.068566560745
4,10,#pragma clang unrolling full, ,2,2,160,scatter,sockets,17.69176149368286,10.940514208718138,5833.633745908737
4,40, , ,64,96,20,compact,threads,18.310198545455933,10.958130011600453,5927.505658626556
4,64,#pragma clang unrolling full, ,2,256,64,balanced,cores,18.29171705245972,10.971503857897387,6022.657923936844
4,64, , ,8,96,128,balanced,sockets,18.54146456718445,11.054649379275348,6117.58483171463
4,128, , ,8,128,80,balanced,sockets,18.20207715034485,11.055292848897375,6211.73548746109
4,100, , ,16,2,64,scatter,sockets,18.55616807937622,11.089673482905996,6306.719891548157
5,40, , ,8,64,128,balanced,sockets,19.97319340705872,11.096114776177712,6406.4353103637695
4,200, , ,2,2,128,compact,threads,18.526187658309937,11.096821915707284,6501.587028264999
5,160, , ,96,96,80,balanced,threads,19.90096545219421,11.111404278164343,6601.537957906723
4,200, , ,128,8,80,scatter,threads,18.429965257644653,11.183652693521267,6696.340069770813
4,10, , ,96,16,160,scatter,cores,18.58623695373535,11.214823229075789,6791.223746776581
4,10, , ,4,256,80,scatter,sockets,18.414429664611816,11.230928733944014,6886.00509929657
4,40,#pragma clang unrolling full, ,96,96,20,compact,sockets,18.493331909179688,11.261340094016855,6981.322093963623
4,64, , ,256,256,10,balanced,threads,18.15859818458557,11.28639722705504,7076.421634435654
4,200, , ,4,256,80,balanced,sockets,18.268693685531616,11.297457852194984,7171.6159410476685
4,100, , ,96,96,20,balanced,threads,18.37797260284424,11.332837237288642,7267.237142562866
4,40,#pragma clang unrolling full, ,96,96,10,compact,threads,18.80308699607849,11.421587433068488,7363.035666942596
4,200, , ,8,256,20,scatter,sockets,18.403473377227783,11.59277714474698,7458.676869392395
4,10, , ,96,256,20,scatter,threads,18.39210247993469,11.645037141831166,7552.819478273392
4,80, , ,128,2,128,balanced,threads,18.439208269119263,11.656089621315594,7647.298657178879
4,40,#pragma clang unrolling full, ,64,96,64,balanced,threads,18.7443642616272,11.657610736677094,7742.370459079742
4,40,#pragma clang unrolling full, ,256,256,80,compact,cores,18.49341630935669,11.67994784340704,7837.400456190109
4,80, , ,96,96,10,scatter,sockets,18.478887796401978,11.682645249289454,7934.279368400574
4,80, , ,2,96,20,scatter,threads,18.32810759544373,11.699028231334276,8028.6805465221405
5,100, , ,256,256,80,scatter,sockets,20.4095311164856,11.749052168885504,8128.8077709674835
4,10,#pragma clang unrolling full, ,8,128,128,scatter,sockets,18.21848177909851,11.765471931724983,8223.458802938461
4,80, , ,128,128,80,compact,cores,18.434906244277958,11.775908422504637,8317.819299221039
4,80, , ,256,4,20,balanced,threads,18.42853808403015,11.885183586399318,8412.012522935867
4,40,#pragma clang unrolling full, ,2,96,20,balanced,sockets,18.046852350234985,11.886163060892851,8506.349639892578
4,100, , ,8,8,128,balanced,threads,18.330760955810547,11.99762591936167,8599.978255748749
4,200,#pragma clang unrolling full, ,96,2,64,compact,sockets,17.878530740737915,11.999317961005053,8693.67744231224
4,40,#pragma clang unrolling full, ,8,128,160,balanced,sockets,18.34899401664734,12.006011760957549,8787.735309362411
4,20,#pragma clang unrolling full, ,96,128,10,balanced,threads,18.335850477218628,12.028845520446264,8882.397155284882
4,200,#pragma clang unrolling full, ,8,2,20,compact,threads,18.17721676826477,12.031803951507532,8976.37249827385
4,200, , ,256,256,128,compact,sockets,18.22368884086609,12.062244875070457,9070.203173160551
4,40, , ,96,2,128,compact,sockets,18.148419857025143,12.08445044919492,9163.7400598526
4,100, , ,8,96,80,compact,sockets,18.037264347076416,12.086622912418072,9257.11670780182
4,80,#pragma clang unrolling full, ,96,256,64,compact,threads,18.17403626441956,12.090297758269488,9351.178488969805
4,200,#pragma clang unrolling full, ,8,96,128,balanced,sockets,18.32155752182007,12.102535423464095,9445.136916399002
4,200,#pragma clang unrolling full, ,96,8,80,balanced,sockets,18.177835941314697,12.147311918240248,9539.391471624374
4,200, , ,128,4,10,scatter,threads,18.09205389022827,12.165906532171372,9633.489940404892
4,128, , ,96,32,128,compact,threads,18.26949787139893,12.171189447082051,9727.75088906288
4,64, , ,8,128,64,scatter,sockets,18.111133337020878,12.174582907610098,9821.811887741089
4,80, , ,8,16,128,balanced,threads,18.605579376220703,12.203601091479143,9916.389307975767
4,40, , ,8,128,80,compact,cores,18.154316663742065,12.203613054546029,10010.071984529495
4,200,#pragma clang unrolling full, ,32,96,80,scatter,sockets,18.04996156692505,12.289484982876411,10103.581087589264
4,200, , ,2,256,64,scatter,threads,18.31903314590454,12.31351617669308,10197.572412490845
4,80, , ,96,256,10,balanced,sockets,18.03616976737976,12.344721777093811,10292.14621424675
4,10,#pragma clang unrolling full, ,96,96,100,balanced,threads,18.38772702217102,12.359439625484022,10386.738889217377
4,200,#pragma clang unrolling full, ,256,96,128,scatter,sockets,18.170061111450195,12.368181606731737,10480.861862659454
4,100, , ,96,8,128,scatter,threads,17.47889018058777,12.427420312378835,10572.537248134611
4,80, , ,2,4,128,balanced,sockets,17.966615915298462,12.43753082536596,10665.506759881971
4,80,#pragma clang unrolling full, ,256,4,80,balanced,cores,17.884629249572754,12.451867462699616,10758.520166158676
4,40, , ,96,256,128,scatter,threads,17.680598497390747,12.610092247101807,10851.539514064789
4,80, , ,256,8,80,balanced,cores,17.782238960266113,12.62418342285084,10943.827942848206
4,100, , ,2,256,128,compact,sockets,17.947907209396362,12.656835855295574,11037.007761240004
4,80,#pragma clang unrolling full, ,2,256,80,balanced,threads,18.22864842414856,12.666909907814553,11131.631561279297
4,20, , ,2,256,10,balanced,threads,17.91725444793701,12.671425461426152,11224.103216409683
4,10, , ,96,128,128,scatter,threads,18.000468730926514,12.681413766270593,11316.698171138763
4,20, , ,2,256,128,balanced,threads,18.04154181480408,12.68404812888534,11409.652908086777
4,40,#pragma clang unrolling full, ,8,256,128,compact,threads,18.117531776428223,12.708248752558756,11503.631135225296
4,80, , ,2,2,80,scatter,threads,17.844154596328735,12.742023548761033,11595.444697856905
4,128, , ,8,96,128,compact,threads,18.027649879455566,12.772880799829084,11688.667996883392
4,80,#pragma clang unrolling full, ,96,128,64,balanced,threads,18.167987823486328,12.780269845174594,11782.17730164528
4,10, , ,96,96,80,balanced,threads,17.921223402023315,12.815694359999904,11874.833209991457
4,10, , ,8,256,80,compact,sockets,17.861220121383667,12.844915059243943,11967.514667749405
4,100,#pragma clang unrolling full, ,96,256,20,balanced,threads,18.117769956588745,12.851713947058265,12061.097552537918
4,100, , ,8,256,10,scatter,threads,17.90370535850525,12.89388727428533,12154.14971780777
4,200, , ,256,96,80,balanced,threads,17.722061157226562,12.932018970383298,12246.008415460588
4,80, , ,96,96,80,balanced,threads,18.01346182823181,12.948134659206945,12339.009695768356
4,40, , ,2,2,40,balanced,threads,18.06039595603943,12.957527196616642,12432.380593061447
4,40, , ,96,256,20,balanced,threads,17.875268697738647,13.051933122663836,12525.153581142426
4,160, , ,8,128,20,compact,sockets,17.82848858833313,13.116578235289635,12617.415675401688
4,40,#pragma clang unrolling full, ,2,96,20,compact,threads,18.23387885093689,13.13914470177924,12710.573506593704
4,80, , ,4,128,128,balanced,sockets,17.528645515441895,13.190961137412792,12803.573236703873
4,200,#pragma clang unrolling full, ,64,64,64,scatter,cores,17.725051164627075,13.226515836860802,12895.461060285568
4,200, , ,2,4,80,balanced,threads,17.987621068954468,13.252145526247734,12988.50141453743
4,80, , ,96,8,80,balanced,sockets,17.857171535491943,13.284733963683673,13081.557022094728
4,64, , ,2,8,128,balanced,sockets,17.768000602722168,13.285280150118556,13174.031050920486
4,200, , ,256,96,128,compact,threads,17.802323818206787,13.384433420876572,13266.354737997057
4,200,#pragma clang unrolling full, ,2,8,80,compact,threads,17.99628710746765,13.431933534348945,13359.383062839508
4,10, , ,16,16,160,balanced,sockets,18.12699294090271,13.446354809676,13453.584113121033
4,40, , ,96,32,20,balanced,threads,17.786341428756714,13.521658884031524,13545.734181165695
4,10, , ,2,2,100,balanced,sockets,17.93908381462097,13.525059548273092,13638.883283615112
4,200, , ,8,256,20,balanced,threads,17.793407440185547,13.52813181123208,13732.05006480217
4,20, , ,2,8,128,balanced,threads,17.77371621131897,13.655532108578504,13823.736258506777
4,40, , ,256,96,128,balanced,cores,18.066227674484253,13.689140098811366,13916.499954938889
4,200,#pragma clang unrolling full, ,256,256,128,balanced,threads,17.908923625946045,13.704372785016872,14008.609546661375
4,40, , ,2,2,128,balanced,threads,17.587592601776123,13.705186794380705,14100.5568420887
4,10, , ,8,2,128,scatter,threads,17.841655254364014,13.742840083838985,14192.134667158129
4,10, , ,96,256,128,compact,sockets,17.522438287734985,13.74708411689919,14283.20986676216
4,128, , ,256,128,128,compact,sockets,17.759144067764282,13.78893418343734,14375.375638246536
4,40, , ,8,96,10,balanced,sockets,17.664661645889282,13.79763593293481,14467.194551467896
4,40, , ,2,2,80,scatter,sockets,17.733116388320923,13.803258546784734,14559.452102422714
4,64, , ,96,256,20,balanced,threads,17.769120931625366,13.8372056888426,14651.17403292656
4,200, , ,2,32,20,scatter,threads,18.290360689163208,13.855474942170828,14744.7909116745
4,200, , ,96,256,128,scatter,threads,17.837714433670044,13.85562114723733,14836.586760282516
4,10, , ,2,2,128,balanced,threads,17.709508419036865,13.91845126345823,14929.380511760712
4,128, , ,256,2,100,balanced,sockets,17.78204035758972,14.08219710863452,15021.079399824142
4,200,#pragma clang unrolling full, ,96,256,20,balanced,threads,17.590359449386597,14.180177050611336,15112.74379825592
4,80, , ,2,8,64,balanced,threads,17.737768173217773,14.192733896095234,15204.59617304802
4,80,#pragma clang unrolling full, ,16,32,64,balanced,cores,17.654319047927856,14.219706440093928,15296.324189662932
4,80, , ,256,8,80,compact,threads,17.591871738433838,14.242977929734993,15388.769643068314
4,100, , ,256,2,20,balanced,threads,17.66778039932251,14.365392029415297,15480.2542219162
4,100,#pragma clang unrolling full, ,8,256,128,balanced,sockets,17.796220779418945,14.392353146511155,15573.46539258957
4,64,#pragma clang unrolling full, ,256,128,80,compact,threads,17.694907903671265,14.408617285624864,15665.891420841215
4,200, , ,96,128,10,balanced,threads,17.85523819923401,14.413290801539542,15759.181361675262
4,80,#pragma clang unrolling full, ,8,128,128,balanced,threads,17.774550914764404,14.48531172568839,15851.06238746643
4,40, , ,256,128,80,balanced,threads,17.284339666366577,14.517828791264575,15943.612436056135
4,40, , ,2,96,80,balanced,sockets,17.75823187828064,14.587855992973308,16042.154304504396
4,64, , ,8,256,80,compact,cores,17.918696880340576,14.61381534394508,16134.882828712463
4,200, , ,96,96,80,balanced,threads,17.80543279647827,14.667988387128329,16226.925727128984
4,20, , ,96,96,100,scatter,sockets,17.690207719802856,14.680602447458188,16318.496634960176
4,100,#pragma clang unrolling full, ,2,2,80,balanced,threads,17.827653169631958,14.684818076318097,16410.618129253387
4,80, , ,2,8,128,compact,threads,17.694201946258545,14.716933087398685,16501.959692955017
4,200,#pragma clang unrolling full, ,8,96,80,scatter,threads,17.79408359527588,14.800526261315104,16593.995708227158
4,40, , ,128,8,80,compact,cores,17.588258981704712,14.808224167911616,16685.613539218903
4,40,#pragma clang unrolling full, ,8,64,128,scatter,sockets,17.858132123947144,14.846562179793356,16778.612344264984
4,200, , ,96,128,80,compact,threads,17.601051807403564,14.917400125368689,16870.215636730194
4,200,#pragma clang unrolling full, ,2,96,80,balanced,sockets,17.596304655075073,14.93576784138994,16963.260880708694
4,80,#pragma clang unrolling full, ,64,256,64,compact,cores,17.7452609539032,14.998162070002692,17055.11300420761
4,10,#pragma clang unrolling full, ,128,8,80,compact,cores,17.690112113952637,15.001697861521697,17147.258944749832
4,200, , ,96,2,80,balanced,threads,17.684688806533813,15.029778743761684,17238.858252763748
4,10,#pragma clang unrolling full, ,2,96,20,balanced,threads,17.298806190490723,15.057376171613996,17329.855251550674
4,10, , ,2,96,80,balanced,threads,17.687671422958374,15.08683103481947,17421.963467359543
4,64, , ,8,128,128,balanced,sockets,17.75968885421753,15.10266989082921,17513.642643928528
4,64, , ,128,256,80,scatter,threads,17.80002522468567,15.143441415583672,17606.451818943024
4,200,#pragma clang unrolling full, ,256,16,20,balanced,threads,17.70607352256775,15.191022804073729,17697.893177747726
4,64, , ,8,96,64,balanced,sockets,17.881706476211548,15.191486636147436,17791.29044175148
4,200, , ,96,8,20,compact,sockets,17.652559757232666,15.192899726259371,17882.73021030426
4,80,#pragma clang unrolling full, ,256,96,128,balanced,threads,17.53763222694397,15.216188939906573,17975.56981897354
4,80,#pragma clang unrolling full, ,2,2,128,compact,threads,17.620471954345703,15.251296329709456,18066.931297540665
4,80, , ,256,96,200,scatter,threads,17.40818452835083,15.255623688122446,18158.51928973198
4,80, , ,128,96,10,compact,threads,17.685680627822876,15.27978522382704,18250.197744369507
4,10, , ,96,32,160,balanced,threads,17.567365646362305,15.289265207958238,18341.467680692676
4,64,#pragma clang unrolling full, ,96,8,128,compact,threads,17.727177381515503,15.289777177348654,18433.799125909805
4,200,#pragma clang unrolling full, ,2,128,64,compact,threads,17.596155166625977,15.3356319105232,18525.289493083957
4,40, , ,2,256,100,balanced,cores,17.75295925140381,15.354195510618393,18617.60002708435
4,200, , ,96,2,10,balanced,sockets,17.72322726249695,15.377479648316063,18709.202674627304
4,200, , ,256,128,64,compact,threads,17.759137868881226,15.393986417837162,18801.656758785248
4,10, , ,96,2,80,compact,threads,17.664235591888428,15.411202595200775,18893.127504348755
4,200, , ,4,256,100,compact,sockets,17.697663068771362,15.423768133194754,18985.746682167053
4,200, , ,96,256,128,balanced,cores,17.711016416549683,15.452841051901435,19077.613949775696
4,40,#pragma clang unrolling full, ,2,256,80,compact,threads,17.494713306427002,15.457941728449285,19169.279922246933
4,10,#pragma clang unrolling full, ,128,256,20,compact,sockets,17.997727632522583,15.472879631078788,19263.168461322784
4,64, , ,96,256,20,compact,sockets,17.459424018859863,15.51261355621246,19356.59718775749
4,64, , ,96,2,64,compact,sockets,17.717734336853027,15.540174386506314,19448.733043193817
4,200,#pragma clang unrolling full, ,96,128,128,balanced,cores,17.942716360092163,15.588623725865064,19540.75308156013
5,40,#pragma clang unrolling full, ,8,2,80,scatter,sockets,19.484692335128784,15.588858639507649,19638.408936738968
4,200,#pragma clang unrolling full, ,2,256,80,compact,threads,17.532217025756836,15.614126537386309,19729.595190048218
5,40,#pragma clang unrolling full, ,96,2,128,compact,threads,19.49630761146545,15.627300750117527,19827.84607744217
4,40,#pragma clang unrolling full, ,96,8,20,compact,threads,17.707851886749268,15.702104339334335,19919.19570708275
4,160,#pragma clang unrolling full, ,32,2,128,balanced,threads,17.7600998878479,15.715121040700366,20011.42209744453
4,80, , ,2,256,128,balanced,cores,17.77491545677185,15.722568069683184,20103.046456575397
4,80, , ,96,96,80,balanced,sockets,17.454532146453857,15.76441524062694,20195.313892126083
4,20,#pragma clang unrolling full, ,64,4,20,compact,cores,17.726966381072998,15.780643874163204,20287.421604394916
4,10,#pragma clang unrolling full, ,8,8,128,scatter,threads,17.61323618888855,15.790570428645804,20378.86719751358
4,80, , ,8,96,20,balanced,threads,17.792200803756714,15.836205337555754,20471.341661691666
4,200, , ,256,256,128,balanced,threads,17.71978998184204,15.86785984921953,20563.034611940384
4,200, , ,64,96,80,scatter,cores,17.850371837615967,15.974377466548813,20656.331200122837
4,160, , ,96,256,64,balanced,sockets,17.680851697921753,16.02013296017845,20747.60476207733
4,64, , ,96,128,80,balanced,threads,18.03437447547913,16.06877356044258,20840.248049497604
4,200,#pragma clang unrolling full, ,4,96,10,balanced,threads,17.658222675323486,16.091954238101852,20931.73617362976
4,40, , ,96,128,128,balanced,sockets,17.610929489135742,16.103358585201303,21024.684812545776
4,64,#pragma clang unrolling full, ,256,2,20,scatter,sockets,17.848843812942505,16.154137236448165,21116.7417845726
4,40,#pragma clang unrolling full, ,8,16,64,balanced,sockets,17.666730165481567,16.17586823026033,21208.486804246902
4,20, , ,32,256,128,compact,threads,17.73974108695984,16.190806624744088,21300.63354086876
4,64, , ,96,128,20,compact,cores,17.674177169799805,16.279785761644668,21392.204097032547
4,80, , ,256,2,128,balanced,threads,17.796761989593506,16.29570848801199,21484.520704507828
4,200, , ,256,96,128,balanced,threads,17.819846153259277,16.301720826169753,21576.40543794632
4,10, , ,256,4,128,scatter,threads,17.81628918647766,16.417675923053768,21669.326205968857
4,10, , ,64,8,128,scatter,cores,17.715455532073975,16.47484633964492,21760.91455388069
4,40, , ,8,2,10,balanced,cores,18.26081347465515,16.567820336168253,21854.245347976685
4,200, , ,96,256,20,scatter,threads,17.87160348892212,16.613352882164428,21946.85317635536
4,200,#pragma clang unrolling full, ,256,96,64,balanced,sockets,17.607861518859863,16.837695358826885,22039.88277316093
4,80,#pragma clang unrolling full, ,128,256,64,compact,threads,17.697704553604126,16.85769772186863,22132.203358888622
4,40, , ,96,96,64,balanced,threads,17.69138216972351,16.873955791215845,22224.09038257599
4,200, , ,256,8,20,scatter,threads,17.60228705406189,16.888281286505205,22316.0596306324
4,40,#pragma clang unrolling full, ,96,8,20,balanced,sockets,17.65824055671692,16.92310069936856,22407.85774254799
4,10, , ,2,64,20,scatter,threads,17.59486722946167,17.016326720581297,22500.18001198769
4,40,#pragma clang unrolling full, ,8,16,40,balanced,sockets,17.58375883102417,17.087693908673373,22591.518816947937
4,40,#pragma clang unrolling full, ,2,8,20,scatter,threads,17.885353803634644,17.094757529514023,22684.128227710724
4,128, , ,256,96,128,balanced,cores,17.730177879333496,17.104245907520625,22775.87502861023
4,40,#pragma clang unrolling full, ,8,96,80,balanced,sockets,17.742995262145996,17.163414580824384,22868.455142736435
5,64, , ,8,32,128,scatter,sockets,19.31200909614563,17.254202950061718,22964.739008426663
4,40, , ,128,256,64,compact,sockets,17.62891983985901,17.279118414022655,23057.591319084167
4,20,#pragma clang unrolling full, ,256,128,64,compact,threads,17.82347273826599,17.308983404375805,23150.203409194943
4,200,#pragma clang unrolling full, ,96,128,20,compact,threads,17.417776584625244,17.66055558166565,23241.811959028244
4,40, , ,256,256,10,compact,sockets,17.823391437530518,17.668935351556296,23333.90563964844
4,100, , ,2,96,80,balanced,sockets,17.588237762451172,17.68588502444892,23425.262367486957
4,40, , ,128,96,128,scatter,threads,17.614397525787354,17.732632871545675,23517.649874687195
4,40, , ,2,96,128,scatter,threads,17.63658380508423,17.789649016313742,23608.90506052971
4,40,#pragma clang unrolling full, ,64,32,80,scatter,threads,17.780193567276,17.813683532564532,23701.47168660164
4,128, , ,2,96,10,compact,cores,17.746537923812866,17.87454537083865,23793.09893798828
4,80, , ,96,256,64,compact,sockets,17.941800355911255,17.902228430960026,23886.36636853218
4,40, , ,2,128,128,balanced,threads,17.83955478668213,17.941327095667596,23978.2948346138
4,100, , ,96,96,80,scatter,threads,17.711103200912476,17.945087868229884,24070.60186958313
4,200,#pragma clang unrolling full, ,64,128,10,compact,threads,17.813485145568848,17.971174275799953,24162.660236120224
4,40,#pragma clang unrolling full, ,2,256,80,balanced,cores,17.53560709953308,17.999822376848794,24253.94826221466
4,40, , ,2,256,64,compact,threads,17.764521837234497,18.08887742920171,24345.87878108025
4,10,#pragma clang unrolling full, ,96,16,20,scatter,threads,17.62254238128662,18.24154575318937,24437.275581121445
4,200, , ,256,128,128,balanced,cores,17.678526878356934,18.26505427642141,24529.19221019745
4,200, , ,2,256,160,scatter,threads,17.894993782043457,18.30385416240135,24621.25737762451
4,200,#pragma clang unrolling full, ,256,96,80,scatter,sockets,17.880184173583984,18.418436502020175,24714.338930368423
4,200, , ,8,256,160,balanced,sockets,17.7731773853302,18.41843891025908,24806.045289754868
4,200, , ,8,96,80,compact,cores,17.88334321975708,18.46543255335179,24898.882009744644
4,40,#pragma clang unrolling full, ,2,256,80,balanced,threads,17.83881425857544,18.575478048945836,24991.20814728737
4,200, , ,2,96,80,compact,threads,17.754676818847656,18.71214910844631,25083.930773735046
4,80, , ,2,2,80,compact,threads,17.682095050811768,18.73830480732545,25175.541387557983
4,200, , ,96,4,80,balanced,threads,17.57610845565796,18.79494411702182,25267.19954895973
4,80,#pragma clang unrolling full, ,2,256,128,scatter,threads,17.76663637161255,18.849359523817142,25359.024943828583
5,80, , ,2,256,20,balanced,threads,19.261691331863403,19.043144763110813,25455.29234266281
4,200,#pragma clang unrolling full, ,2,256,20,balanced,threads,17.766526222229004,19.662906029279096,25547.42053985596
4,10,#pragma clang unrolling full, ,96,2,10,scatter,threads,17.708600997924805,19.73760695291659,25639.234032392505
4,64, , ,96,16,100,compact,threads,17.95860981941223,19.985562700099077,25732.10207939148
4,10, , ,128,32,80,compact,cores,17.861441612243652,20.18078199118221,25823.98928642273
4,40, , ,8,256,80,compact,sockets,18.00613236427307,20.75019799408102,25916.67026472092
4,100,#pragma clang unrolling full, ,8,256,20,compact,threads,17.750365018844604,20.87350772508696,26008.42652463913
4,160,#pragma clang unrolling full, ,8,8,20,scatter,sockets,17.621051788330078,21.270245342748563,26100.58246803284
4,10, , ,8,8,20,scatter,sockets,17.773914098739624,21.32254612457841,26192.60995316505
4,80,#pragma clang unrolling full, ,8,2,128,balanced,cores,17.760977506637573,21.855592331954558,26284.42883872986
4,200,#pragma clang unrolling full, ,128,256,80,scatter,threads,17.74116826057434,21.884897065710785,26376.647043466568
4,200,#pragma clang unrolling full, ,64,256,128,compact,cores,17.601327657699585,22.06366087794869,26468.098064899445
4,64, , ,2,8,200,scatter,sockets,17.84697461128235,22.162420141984917,26560.961475372314
4,40,#pragma clang unrolling full, ,256,32,128,balanced,threads,17.685744762420654,22.40982276142633,26652.672913074493
4,100,#pragma clang unrolling full, ,96,2,64,balanced,threads,17.777958154678345,22.452962559263845,26744.88880801201
4,128, , ,8,96,128,balanced,sockets,17.64513325691223,22.90718878546084,26836.67488861084
4,40, , ,96,256,64,scatter,sockets,17.99685835838318,23.01694585573757,26929.66417479515
4,20, , ,128,96,20,compact,sockets,17.758289098739624,23.219063363628884,27021.277740240097
4,100, , ,96,128,128,balanced,sockets,17.718217611312866,23.40864135178309,27112.981673002243
4,80, , ,32,96,80,balanced,sockets,17.79141926765442,23.544262065422707,27205.14821457863
4,100,#pragma clang unrolling full, ,16,256,128,compact,cores,17.43444561958313,23.810097991017635,27296.52599453926
4,200, , ,256,256,80,compact,threads,17.69087791442871,26.404728273980798,27388.519077301025
4,20,#pragma clang unrolling full, ,2,128,20,scatter,sockets,17.488353490829468,6.529059008830137,27479.99149107933
4,200, , ,96,32,160,scatter,sockets,17.87043786048889,6.609334480816338,27572.900747537613
4,64,#pragma clang unrolling full, ,96,96,128,balanced,sockets,17.776466846466064,6.859047477653324,27664.66032743454
4,100,#pragma clang unrolling full, ,96,96,80,compact,sockets,18.116554260253903,7.071887460225407,27757.630428552628
4,80, , ,8,8,10,scatter,sockets,17.811326026916504,7.284963291593536,27849.59314584732
4,200,#pragma clang unrolling full, ,2,128,128,compact,threads,17.9149227142334,5.754892102698336,96.88670110702516
4,10,#pragma clang unrolling full, ,96,8,80,balanced,cores,17.6870219707489,5.805138732874847,188.5297703742981
4,100,#pragma clang unrolling full, ,2,96,80,compact,threads,17.868244409561157,6.55040253385988,281.5847089290619
4,10, , ,8,4,160,scatter,threads,17.62887191772461,6.621314926528705,373.4814019203186
4,80, , ,8,128,20,compact,sockets,17.808948516845703,6.80604210767368,466.3311519622803
4,200, , ,8,2,80,compact,sockets,17.80674147605896,7.836609693606689,558.5005857944489
4,10,#pragma clang unrolling full, ,2,2,80,scatter,threads,17.611639976501465,8.040028042072175,650.2812094688416
4,10,#pragma clang unrolling full, ,8,96,128,balanced,sockets,17.646564245224,8.073938097605899,742.3839173316956
4,10,#pragma clang unrolling full, ,96,256,128,balanced,cores,17.587618112564087,8.077885734290543,833.5318257808685
4,200, , ,96,96,10,scatter,sockets,17.684946298599243,8.235876727848243,925.6079726219176
4,80, , ,128,64,128,compact,sockets,17.697170972824097,8.32694710572279,1017.1648433208466
4,160, , ,2,256,128,balanced,cores,17.886947631835938,8.391015206180569,1109.8435051441193
4,200,#pragma clang unrolling full, ,96,96,20,balanced,sockets,17.763335943222046,8.52331390895659,1201.6380467414856
4,40,#pragma clang unrolling full, ,64,64,100,compact,threads,17.991715669631958,8.575599776149156,1294.7867076396942
4,200, , ,256,256,20,balanced,threads,17.971951246261597,8.587187716506964,1387.1255974769592
4,64, , ,2,256,64,scatter,threads,17.581191301345825,8.60135066040551,1479.8473272323608
4,64, , ,8,2,128,scatter,sockets,17.606059789657593,8.615032779298017,1571.038783311844
4,128, , ,8,2,20,compact,threads,17.732445001602173,8.639125950064004,1662.8200707435608
4,200, , ,2,256,64,balanced,threads,17.65081477165222,8.68098526306677,1754.7323098182678
4,40,#pragma clang unrolling full, ,8,128,100,balanced,sockets,17.42245888710022,8.681944808527097,1845.832650899887
4,40, , ,8,64,128,scatter,threads,17.744155168533325,8.706072439150944,1938.101036787033
4,100,#pragma clang unrolling full, ,96,256,128,balanced,threads,17.8100323677063,8.787593070152818,2029.724318742752
4,40, , ,8,128,80,balanced,cores,17.848220348358154,8.814659398898504,2122.058721780777
4,20,#pragma clang unrolling full, ,16,2,80,compact,sockets,17.8573157787323,8.823441851594316,2213.844059467316
4,40, , ,8,128,80,balanced,sockets,17.863491535186768,8.957105863010677,2306.5067207813263
4,40, , ,8,2,80,scatter,sockets,17.69314408302307,8.95811747369875,2398.0804488658905
4,20, , ,96,128,128,compact,sockets,17.42925453186035,9.061664543042578,2490.4397101402283
5,200,#pragma clang unrolling full, ,8,96,80,compact,sockets,19.338642120361328,9.105366233122725,2587.388146877289
4,200,#pragma clang unrolling full, ,8,256,10,balanced,sockets,17.772810220718384,9.129026906689738,2678.967842102051
5,10, , ,96,96,80,balanced,sockets,19.245606660842896,9.1532929468739,2775.672702789306
4,10, , ,2,96,80,compact,threads,17.4698748588562,9.153631166237142,2866.756997346878
4,64,#pragma clang unrolling full, ,2,32,20,compact,threads,17.79616093635559,9.233636260398448,2959.277606248856
4,80, , ,128,32,100,scatter,threads,17.64321756362915,9.297762162720812,3050.5842294692998
4,10, , ,96,8,160,balanced,threads,17.73487138748169,9.40778539376429,3143.055238008499
4,200, , ,8,128,128,scatter,threads,17.825538635253906,9.46171423286916,3234.829641819
4,40,#pragma clang unrolling full, ,8,256,128,scatter,threads,17.81176733970642,9.463430923096556,3326.9032962322235
4,80, ,#pragma omp parallel for,64,96,100,scatter,cores,17.738991260528564,9.485470921303254,3416.2278714179997
4,200,#pragma clang unrolling full, ,256,8,80,balanced,threads,17.44234013557434,9.518891171727065,3507.9076941013336
4,20, , ,8,32,128,compact,sockets,17.863917350769043,9.5846427517116,3600.17435503006
4,10, , ,96,96,80,scatter,sockets,17.669182777404785,9.734510379591756,3691.659640789032
4,80, , ,2,8,20,scatter,threads,17.557043075561523,9.73558867256741,3783.831542491913
4,40,#pragma clang unrolling full, ,128,32,128,balanced,cores,17.551055192947388,9.819151404701268,3875.0339720249176
4,10, , ,8,32,64,balanced,threads,18.010509252548218,9.871935489599084,3968.2989642620087
4,10, , ,128,96,80,scatter,threads,17.799740076065063,9.941132686200405,4060.224186897278
4,200, , ,2,96,128,compact,cores,18.02342367172241,9.975445286383504,4154.055058717728
4,10, , ,8,128,160,compact,sockets,17.76531171798706,9.988196235848315,4245.952337026596
4,80, , ,96,96,160,balanced,threads,18.00661826133728,10.039900824635753,4339.638439416885
4,80, , ,256,16,100,scatter,sockets,17.697770833969116,10.0453063595341,4431.538480520248
4,128,#pragma clang unrolling full, ,8,256,128,balanced,threads,17.474398851394653,10.068389005746653,4523.476611614227
4,200, , ,96,2,128,balanced,sockets,17.76806402206421,10.121128158231487,4615.971192598343
4,64, , ,8,96,80,compact,sockets,17.746597051620483,10.21793102301326,4707.424255609512
4,64, , ,2,128,80,scatter,sockets,17.690113306045532,10.236657268469695,4799.789187908173
4,80, , ,96,128,80,balanced,cores,17.67054772377014,10.239990477895237,4891.146091222763
4,40,#pragma clang unrolling full, ,8,96,128,compact,sockets,17.88433003425598,10.272097225734916,4984.038999557495
4,64, , ,8,16,128,balanced,sockets,17.648342609405518,10.334053473273311,5075.46949505806
5,200, , ,64,256,20,balanced,sockets,19.405208587646484,10.396690545083484,5173.179483175278
4,20, , ,8,256,80,balanced,threads,17.788931131362915,10.412480380189288,5265.247912406921
5,40,#pragma clang unrolling full, ,2,2,100,compact,threads,19.388566255569454,10.41256300224564,5362.07194185257
4,160, , ,256,96,64,scatter,sockets,17.776257514953613,10.475308231464249,5453.969231128693
4,80, , ,8,128,80,balanced,sockets,17.892002820968628,10.48119397973552,5545.965696811676
4,40, , ,2,16,160,balanced,sockets,17.54531979560852,10.510611335235131,5637.738556623459
4,100, , ,2,256,64,balanced,threads,17.702250957489014,10.540311591712,5729.071759700775
4,64,#pragma clang unrolling full, ,8,2,160,compact,sockets,17.681633949279785,10.557087953505516,5821.240874528885
4,40, , ,128,256,160,compact,cores,17.75808596611023,10.557681646205763,5912.87112903595
4,128,#pragma clang unrolling full, ,8,4,80,balanced,sockets,17.798034191131592,10.587466956761862,6005.625451564789
4,200, , ,2,32,80,scatter,threads,17.811140537261963,10.596676115286456,6097.530338048935
4,80,#pragma clang unrolling full, ,128,96,10,balanced,sockets,18.215160608291622,10.602880378536018,6191.399507284164
4,80, , ,96,128,128,scatter,threads,18.527106523513797,10.6230745481931,6286.919259786606
4,80, , ,96,2,80,scatter,cores,18.021028757095337,10.632842493121933,6380.715660810471
4,80,#pragma clang unrolling full, ,96,96,20,compact,sockets,18.268824100494385,10.6479171937281,6474.763966560364
4,40,#pragma clang unrolling full, ,96,128,10,compact,threads,18.08594250679016,10.75031581253053,6568.391930580139
4,80,#pragma clang unrolling full, ,2,32,80,compact,sockets,18.33780241012573,10.767395815173904,6662.424090862274
4,200,#pragma clang unrolling full, ,2,256,10,balanced,sockets,18.25955820083618,10.849868616579808,6757.39146566391
4,200,#pragma clang unrolling full, ,128,256,80,balanced,threads,18.29073429107666,10.874585023374433,6851.825616598129
4,40, , ,96,96,80,balanced,threads,18.05087184906006,10.901855512163005,6946.2199075222015
4,40,#pragma clang unrolling full, ,2,256,80,balanced,cores,17.783153533935547,10.90780492096642,7039.638593196869
4,20, , ,2,2,64,balanced,sockets,18.4587504863739,10.998916303340394,7133.448319196701
4,200, , ,16,256,40,balanced,sockets,18.40790557861328,11.030696354455946,7227.745313882828
4,80, , ,96,256,160,compact,sockets,18.197494983673096,11.109955524331934,7322.198381662369
4,100, , ,96,256,80,balanced,threads,18.004364013671875,11.192834785473549,7415.299246788025
4,64,#pragma clang unrolling full, ,128,96,10,scatter,threads,18.234095811843872,11.20681317186718,7509.101071357727
4,10,#pragma clang unrolling full, ,96,256,128,scatter,sockets,18.23561120033264,11.224710385150669,7602.655591011047
4,64,#pragma clang unrolling full, ,8,32,64,scatter,sockets,18.04340410232544,11.264550626663794,7697.186028718948
4,64,#pragma clang unrolling full, ,8,256,20,compact,sockets,18.259435653686523,11.302515577612008,7791.36439871788
4,80, , ,16,128,20,compact,cores,18.132055044174194,11.306450424016637,7886.037461519241
4,200, , ,8,64,40,balanced,sockets,18.547043561935425,11.32119370231537,7980.712223052978
4,40, , ,8,256,128,scatter,sockets,18.357821226119995,11.321629496220035,8075.251752376556
4,80, , ,96,128,10,scatter,sockets,18.17745018005371,11.342564129836616,8169.198900461197
4,64, , ,256,96,80,balanced,threads,18.26612639427185,11.399085791030055,8263.189561605453
4,64, , ,96,4,100,scatter,threads,17.625030994415283,11.540841254917906,8355.311221599579
4,10,#pragma clang unrolling full, ,96,96,160,balanced,threads,17.775057315826416,11.543544193978809,8446.925301551819
4,80, , ,8,128,10,compact,sockets,17.95204520225525,11.617150379888871,8539.593469619751
4,64, , ,8,2,20,balanced,threads,17.687336921691895,11.64773625520212,8631.225329637527
4,80, , ,8,2,10,scatter,sockets,17.975524187088013,11.662259362816576,8724.069865703583
4,40, , ,2,2,128,compact,threads,17.5283784866333,11.66352566224266,8815.87109208107
4,100,#pragma clang unrolling full, ,96,8,128,balanced,threads,17.545611143112183,11.780772022292414,8908.34995341301
4,160, , ,8,96,128,compact,threads,17.85976243019104,11.790525000183653,9000.235149383545
4,80, , ,96,256,10,scatter,sockets,17.756741762161255,11.839910696794178,9092.97961640358
4,10, , ,32,256,100,scatter,sockets,17.615052461624146,11.848108893258477,9184.760348081589
4,64,#pragma clang unrolling full, ,256,64,40,balanced,cores,17.51570701599121,11.855016676491392,9276.009639501572
4,64, , ,8,4,40,balanced,threads,17.854506492614746,11.86691293815714,9368.618723630903
4,64,#pragma clang unrolling full, ,8,2,128,balanced,sockets,17.74187469482422,11.880255926181748,9460.12575340271
4,200,#pragma clang unrolling full, ,2,64,128,balanced,sockets,17.52150559425354,11.92159362373771,9552.073887825012
4,80,#pragma clang unrolling full, ,128,96,128,compact,threads,17.891805410385132,11.925322873477592,9644.29283428192
4,40, , ,8,8,160,balanced,threads,17.99611258506775,11.93205483606359,9737.358831882477
4,200,#pragma clang unrolling full, ,96,128,64,compact,sockets,17.650527477264404,11.940562322018106,9828.70384335518
4,200,#pragma clang unrolling full, ,8,8,200,balanced,sockets,17.722933292388916,11.949034359152447,9921.203159809113
4,40, , ,2,128,128,balanced,threads,17.785351991653442,12.020305547554868,10013.199991941452
4,10,#pragma clang unrolling full, ,96,128,80,balanced,sockets,17.652070999145508,12.023179149150746,10105.240709066393
4,40, , ,2,2,128,scatter,sockets,17.77668261528015,12.138794086861605,10197.308819532394
4,10,#pragma clang unrolling full, ,256,256,160,balanced,threads,17.578049898147583,12.18230532681404,10288.471608161926
4,80,#pragma clang unrolling full, ,256,256,20,compact,cores,17.865652322769165,12.233980605646783,10380.962686300278
4,40, , ,96,256,160,balanced,threads,17.57371759414673,12.278707693235116,10472.196012973784
4,10, , ,256,128,20,balanced,threads,17.873865127563477,12.30376214332702,10564.33412528038
4,200, , ,8,256,100,scatter,threads,17.758957862854004,12.323797895795227,10655.856400966644
4,10, , ,96,4,128,compact,sockets,17.46613383293152,12.325753474489296,10747.889355659485
4,40,#pragma clang unrolling full, ,96,128,80,balanced,sockets,17.66472363471985,12.331340577580812,10839.69813466072
4,10,#pragma clang unrolling full, ,96,256,128,balanced,threads,17.610793590545654,12.33225068206582,10931.924256563188
4,100, , ,96,96,40,balanced,sockets,17.60870385169983,12.364677271068272,11023.760995149612
5,80, , ,128,32,20,scatter,sockets,19.2440447807312,12.366801590064762,11120.140410661696
4,10,#pragma clang unrolling full, ,8,96,10,scatter,sockets,17.834014892578125,12.375098392457875,11212.18647623062
4,40, , ,256,2,128,balanced,threads,17.701110124588013,12.435509834043325,11303.661119937897
4,200, , ,96,96,128,balanced,sockets,17.736191511154175,12.471419731797338,11395.74964404106
4,40,#pragma clang unrolling full, ,96,96,80,balanced,threads,17.54961371421814,12.545825888776934,11486.724827528
4,40, , ,256,256,128,balanced,sockets,17.794700860977173,12.578261662867485,11579.089926481249
4,20,#pragma clang unrolling full, ,96,2,128,scatter,threads,17.793334484100342,12.588035049417114,11670.872714996338
4,80, , ,2,256,80,compact,sockets,17.64389657974243,12.607598232402893,11763.24315237999
4,200, , ,2,128,80,balanced,threads,17.718772411346436,12.65662280364474,11854.69039106369
4,160, , ,96,4,20,compact,sockets,17.601540088653564,12.670738625042915,11946.859932661057
4,200, , ,8,256,40,scatter,sockets,17.778727054595947,12.683628022138656,12039.198121786118
4,128, , ,8,256,20,balanced,sockets,17.634408235549927,12.691708772877409,12130.413259029388
4,40,#pragma clang unrolling full, ,64,16,64,balanced,threads,17.702011823654175,12.739862845590512,12222.851245880129
4,80, , ,96,2,160,scatter,threads,17.61570715904236,12.785639318779284,12314.099731683733
4,10,#pragma clang unrolling full, ,8,32,20,scatter,threads,17.86982536315918,12.884628878577628,12406.897458314896
4,40,#pragma clang unrolling full, ,8,96,64,scatter,threads,17.840111017227173,12.892259559958346,12498.712215185164
4,80, , ,8,8,80,balanced,threads,18.037980318069454,12.973003044700508,12591.848423719406
4,200, , ,8,256,80,compact,sockets,17.8150794506073,12.993535092691102,12683.733032226562
4,80, , ,256,256,80,balanced,threads,17.79793691635132,13.006706627809749,12776.531489372252
4,80, , ,256,2,10,compact,threads,17.604130744934082,13.012413157812212,12868.12150669098
4,40,#pragma clang unrolling full, ,8,96,64,compact,cores,17.674195289611816,13.025922124913905,12960.083556890488
4,10, , ,2,256,64,balanced,cores,17.634101390838623,13.038817186850885,13052.0033121109
4,10,#pragma clang unrolling full, ,2,256,80,balanced,sockets,17.533254861831665,13.039088977859354,13143.189065217972
4,80, , ,2,2,128,compact,threads,17.642505884170532,13.069223745526164,13235.40445303917
4,40,#pragma clang unrolling full, ,128,2,64,balanced,sockets,17.743906497955322,13.075360262103352,13327.254817008972
4,200, , ,96,256,10,scatter,threads,17.6383113861084,13.102046548333828,13419.413908720016
5,200, , ,8,96,128,balanced,sockets,19.21827864646912,13.1840461625882,13515.532124519348
4,10,#pragma clang unrolling full, ,2,8,10,balanced,threads,17.881309747695923,13.210898530221266,13608.404670238497
4,200,#pragma clang unrolling full, ,96,128,20,scatter,threads,17.558109045028687,13.248523209763835,13699.85486149788
4,10, , ,64,96,80,balanced,threads,17.581274032592773,13.253556426896438,13792.403646945952
4,80, , ,128,96,10,compact,sockets,17.816298961639404,13.262531030510702,13884.151869058607
4,64, , ,2,256,64,balanced,sockets,17.65010690689087,13.378635781330347,13976.124347448347
4,10,#pragma clang unrolling full, ,8,256,128,balanced,threads,17.521196365356445,13.390616108750576,14067.569151878355
4,100,#pragma clang unrolling full, ,96,16,64,balanced,threads,17.670202016830444,13.401690338342958,14158.99219751358
4,200, , ,256,4,64,scatter,threads,17.697530269622803,13.405453631111651,14251.109657526016
4,40, , ,96,96,64,balanced,threads,17.674737453460693,13.439885259768872,14342.45131778717
4,80, , ,8,96,80,compact,threads,17.889272212982178,13.584064298720389,14435.516167879105
4,40, , ,256,96,80,scatter,threads,17.982606649398804,13.645991865865518,14527.863712310793
4,200, , ,64,32,40,scatter,sockets,17.817551612854004,13.66363190822732,14620.072520971298
4,20,#pragma clang unrolling full, ,8,256,128,balanced,sockets,17.50653600692749,13.666993480412254,14711.265539646149
4,200, , ,64,96,40,balanced,threads,17.709076166152954,13.675763848817654,14804.041364192964
4,10, , ,2,96,80,compact,sockets,17.64458465576172,13.701139543544516,14895.617631196976
4,200, , ,96,16,20,balanced,threads,17.47901964187622,13.718427568325506,14987.040137529371
4,160, , ,2,96,40,scatter,sockets,17.715476989746094,13.733996436890047,15078.725867271423
4,64, , ,96,128,80,balanced,threads,17.569894075393677,13.740218248551564,15170.33439207077
4,40, , ,2,128,64,balanced,threads,17.786036729812622,13.801987808966048,15262.439660549164
4,10, , ,96,2,20,balanced,threads,17.615840435028076,13.812142160117649,15353.652945280077
4,128, , ,96,96,10,balanced,threads,17.67073917388916,13.814487817794465,15445.616905212402
4,160, , ,64,32,80,balanced,threads,17.73228645324707,13.81960732496048,15537.28187060356
4,200, , ,8,256,128,balanced,sockets,17.610084772109985,13.849592874302086,15628.885429620745
4,80, , ,128,96,80,balanced,cores,17.804694890975952,13.885999189416824,15720.639781951904
4,10,#pragma clang unrolling full, ,96,32,128,scatter,sockets,17.571691513061523,13.91501528978058,15812.892281532288
4,10,#pragma clang unrolling full, ,8,256,80,balanced,sockets,17.63642930984497,13.93309645674618,15904.926053762436
4,80, , ,256,256,20,scatter,threads,17.537437438964844,13.936049070031682,15996.06205368042
4,200,#pragma clang unrolling full, ,96,256,128,scatter,sockets,17.602975130081177,14.011150954318971,16088.290652275084
4,10, , ,96,2,10,compact,sockets,17.856597661972046,14.031925939461672,16180.50737309456
4,160, , ,8,128,20,balanced,sockets,17.766656398773193,14.064432752829047,16273.67298579216
4,40, , ,8,4,128,compact,sockets,17.707524061203003,14.088140437788455,16365.255008459091
4,100,#pragma clang unrolling full, ,64,96,80,balanced,cores,17.954329013824463,14.115397919176145,16459.03424859047
4,40, , ,96,96,128,compact,threads,17.681393146514893,14.217112314139,16550.387989521027
4,80, , ,8,256,100,scatter,threads,17.57194757461548,14.313614293897864,16643.354212522507
4,100, , ,8,2,128,compact,threads,17.692075967788696,14.33810911945372,16735.425041675568
4,40, , ,2,128,128,compact,cores,17.455613136291504,14.380084522397926,16827.137930631638
4,200, , ,8,128,128,compact,sockets,17.657836437225342,14.416154805527578,16918.832310914993
4,200, , ,2,256,80,scatter,threads,17.687236309051514,14.471930804662763,17010.290786266327
4,200, , ,256,256,128,compact,threads,17.710158109664917,14.500534976816835,17102.6998398304
4,40, , ,96,256,80,balanced,sockets,17.689767122268677,14.50268226789052,17194.232876062393
4,40, , ,256,96,128,balanced,sockets,17.721943378448486,14.51264565473224,17286.5910756588
4,80, , ,96,256,128,compact,threads,17.839534282684326,14.541679063416476,17378.284168481827
4,10, , ,256,128,80,compact,threads,18.02470016479492,14.552330999115837,17470.685762882233
4,80,#pragma clang unrolling full, ,2,256,128,compact,sockets,17.760732650756836,14.612447534658251,17562.201122045517
4,80,#pragma clang unrolling full, ,32,8,20,scatter,sockets,17.571174383163452,14.613183657560192,17654.729400396347
4,40, , ,96,2,128,balanced,threads,17.820289134979248,14.730275771225264,17746.422613859177
4,40,#pragma clang unrolling full, ,2,128,160,balanced,threads,17.864571571350098,14.741775071635674,17838.501052856445
4,200, , ,96,256,64,scatter,threads,17.757712602615356,14.8292429518098,17930.436552762985
4,80,#pragma clang unrolling full, ,2,2,64,balanced,sockets,17.5238835811615,14.876720596446564,18021.25030016899
4,64, , ,256,96,80,compact,threads,17.80862545967102,14.884704832279056,18113.552947044373
4,40,#pragma clang unrolling full, ,16,256,128,compact,cores,17.738693714141846,14.907055343138587,18205.584349155422
4,80, , ,2,2,20,scatter,sockets,17.887356519699097,14.957248262712774,18298.629425525665
4,40,#pragma clang unrolling full, ,128,128,10,balanced,cores,17.80745816230774,14.959276776385938,18390.39324069023
4,80,#pragma clang unrolling full, ,8,16,80,compact,sockets,18.06337833404541,14.976407766972368,18483.659420490265
4,40,#pragma clang unrolling full, ,2,96,80,balanced,threads,18.564207792282104,15.012764658272827,18578.216200113297
4,100, , ,256,96,80,compact,sockets,18.383644342422485,15.016954807965847,18672.851997613907
4,80,#pragma clang unrolling full, ,8,256,100,scatter,sockets,18.376160144805908,15.078271938930069,18767.415031909943
4,128, , ,96,96,20,balanced,threads,18.120580673217773,15.08884318396263,18862.025860071182
4,10,#pragma clang unrolling full, ,96,128,20,compact,sockets,18.203457832336422,15.09336096975719,18957.25513529777
4,80,#pragma clang unrolling full, ,2,96,20,balanced,sockets,18.14222311973572,15.100191038226448,19052.67651796341
4,40,#pragma clang unrolling full, ,96,256,10,balanced,sockets,18.570571422576904,15.10651507363047,19148.16877222061
4,200, , ,96,128,128,balanced,threads,18.357444047927856,15.12298412697249,19242.923201084137
4,40, , ,8,8,10,compact,cores,18.73668599128723,15.129064620548776,19337.56500172615
4,10,#pragma clang unrolling full, ,64,2,80,compact,sockets,18.483014345169067,15.147661659992096,19431.998359918594
4,80,#pragma clang unrolling full, ,16,96,128,compact,threads,18.397651433944706,15.16268440432995,19526.065182447437
4,80, , ,96,128,80,scatter,sockets,18.14175248146057,15.22658013409874,19619.886840343475
4,40,#pragma clang unrolling full, ,128,256,80,balanced,threads,18.03586196899414,15.254060015710133,19713.979174613956
4,128, , ,64,8,64,balanced,threads,18.10991477966309,15.325942079182436,19808.05910873413
4,200, , ,96,256,128,scatter,threads,18.284549951553345,15.352005835426851,19902.41542243957
4,64, , ,256,8,64,scatter,cores,18.37969374656677,15.365785560268751,19997.070957660675
4,200,#pragma clang unrolling full, ,256,128,80,compact,cores,18.322274208068848,15.430265601446449,20091.822623491287
4,10, , ,64,256,80,balanced,sockets,18.43040132522583,15.465989199543603,20186.368589401245
4,40,#pragma clang unrolling full, ,96,256,128,balanced,sockets,18.588030338287357,15.547873194476107,20281.4783513546
5,80, , ,8,4,100,balanced,threads,19.915942430496216,15.59864483697531,20380.403636693954
4,100, , ,96,2,128,compact,threads,18.558491945266724,15.633410567516547,20475.402677297592
4,200, , ,96,128,128,balanced,sockets,18.560170650482178,15.68324622452477,20570.35919690132
4,200, , ,96,256,128,compact,cores,18.417575120925903,15.70597295022842,20665.06303429604
4,40,#pragma clang unrolling full, ,2,256,80,balanced,threads,18.46760129928589,15.71170296455536,20759.30488729477
4,200,#pragma clang unrolling full, ,64,96,10,compact,cores,18.54584527015686,15.806883937144413,20854.07032585144
4,40, , ,128,2,100,balanced,cores,17.8162202835083,15.837924867514165,20946.580592870712
4,40, , ,128,2,100,balanced,threads,17.62890386581421,15.953872245583758,21038.061601877213
4,200,#pragma clang unrolling full, ,8,8,64,compact,threads,17.813172340393066,15.975690886227628,21130.414252519608
4,40, , ,256,96,128,scatter,threads,17.459223747253418,16.03510226476476,21221.55751848221
4,40, , ,96,2,20,balanced,threads,17.63558030128479,16.052776350908346,21314.28265237808
4,80,#pragma clang unrolling full, ,256,128,128,compact,cores,17.753917694091797,16.098927258976182,21406.11564612389
4,160, , ,96,128,128,compact,threads,17.577756643295288,16.124668605204153,21497.858368635178
4,200, , ,2,96,128,balanced,cores,17.60221219062805,16.19196245334191,21589.415380477905
4,40, , ,256,96,128,compact,sockets,17.52735662460327,16.271887008632902,21680.75961828232
4,40, , ,128,8,80,compact,cores,17.635541677474976,16.285187044922214,21772.99069571495
4,10,#pragma clang unrolling full, ,256,8,200,compact,cores,17.542755126953125,16.292206693478242,21864.03323507309
4,40, , ,256,32,128,scatter,threads,17.812690496444702,16.30894162081503,21956.982793092728
4,100, , ,256,96,80,scatter,threads,17.51680874824524,16.334736603251535,22047.93812561035
4,64, , ,96,2,128,balanced,sockets,18.116783618927,16.38770383047615,22140.81558156013
4,200, , ,2,2,64,compact,threads,17.84070134162903,16.39433058979252,22232.684420108795
4,40, , ,96,96,20,balanced,threads,17.790034532546997,16.40336754816024,22325.593986034397
4,40, , ,96,256,80,scatter,threads,17.88563585281372,16.428851264815552,22417.67695736885
4,10,#pragma clang unrolling full, ,96,16,20,balanced,sockets,17.58132815361023,16.45156589429469,22509.49232506752
4,200, , ,96,2,128,compact,sockets,17.68794083595276,16.58814847979663,22601.55175805092
4,40,#pragma clang unrolling full, ,64,8,80,compact,threads,17.536256551742554,16.653647534698486,22692.405812978745
4,160, , ,256,96,20,compact,threads,17.83326530456543,16.69306785283701,22785.27261328697
4,40, , ,128,256,80,balanced,threads,17.7160484790802,16.94901510831458,22876.85588049889
4,40, , ,96,8,20,compact,threads,18.08704161643982,17.20076188534433,22969.772666692734
4,200,#pragma clang unrolling full, ,96,64,128,balanced,sockets,17.666748523712158,17.374333606248307,23062.52457523346
4,40,#pragma clang unrolling full, ,8,2,80,balanced,sockets,18.14476108551025,17.512808058163234,23155.369343996048
4,80, , ,2,96,80,compact,threads,17.684925079345703,17.53824769524684,23247.625751018524
4,40,#pragma clang unrolling full, ,8,128,128,scatter,cores,17.390580892562866,17.57732517102483,23340.106501340862
4,80,#pragma clang unrolling full, ,8,128,20,scatter,sockets,17.932198524475098,17.59563764117183,23433.196388959885
4,64, , ,2,256,128,balanced,threads,17.669466733932495,17.602152545745724,23526.13737344742
4,40, , ,8,16,80,compact,sockets,18.1269805431366,17.720242918159542,23619.15348553657
4,200, , ,128,96,128,balanced,sockets,17.604090452194214,17.86628493094683,23710.843852043152
4,80, , ,8,256,40,balanced,sockets,17.664526224136353,17.941030623953743,23803.16203594208
4,80,#pragma clang unrolling full, ,8,96,10,scatter,threads,17.860803604125977,18.026111332046163,23895.129091262817
4,64,#pragma clang unrolling full, ,96,128,80,balanced,threads,17.521845817565918,18.21831798077414,23987.46693754196
4,200, , ,128,256,20,balanced,threads,17.666313886642456,18.30441774842745,24078.89366030693
4,64, , ,96,2,80,compact,cores,17.863210678100586,18.42807503752097,24171.249007701877
4,20, , ,96,128,10,compact,sockets,17.697781562805176,18.478546565941578,24263.31837010384
4,64, , ,128,256,128,balanced,threads,17.532833099365234,18.53537099175731,24355.53258037567
4,160,#pragma clang unrolling full, ,128,2,80,compact,sockets,17.65311074256897,18.561514188966463,24447.69919204712
4,128, , ,128,128,100,compact,threads,17.530789852142334,18.673538884524795,24539.34551882744
4,40,#pragma clang unrolling full, ,256,96,80,balanced,threads,17.653753757476807,18.69836787490539,24631.153473615646
4,20, , ,128,64,20,balanced,sockets,17.53033423423767,18.84649996151303,24722.748005390167
4,64,#pragma clang unrolling full, ,128,96,160,compact,threads,17.803629398345947,18.95612853095868,24815.353684425358
4,10, , ,2,256,10,compact,sockets,17.818634510040283,18.99711215810381,24907.48420405388
4,200, , ,2,128,64,compact,threads,18.10928177833557,19.01611502808964,25000.82943892479
4,200, , ,64,256,128,scatter,threads,17.95254135131836,19.03851546955845,25092.97030425072
4,80, , ,128,256,128,scatter,threads,17.713289976119995,19.046826167966085,25185.553839683533
4,40, , ,2,256,128,compact,sockets,17.707314252853394,19.0909160514916,25277.122990131375
4,200, , ,128,256,80,compact,threads,17.71418309211731,19.37703600379557,25369.90934586525
4,40, , ,128,16,80,compact,threads,17.605982303619385,19.400346388603595,25461.26979827881
4,200, , ,96,2,64,compact,threads,17.557377576828003,19.439144156907982,25552.817668914795
4,40, , ,8,2,128,balanced,sockets,17.747116565704346,19.48436822625953,25644.692891597748
4,128, , ,8,96,20,compact,cores,17.548363208770752,19.5269831814395,25735.74594640732
4,80, , ,8,16,80,balanced,threads,17.795318841934204,19.531936614784907,25828.67995119095
4,40, , ,8,128,20,balanced,sockets,17.720999240875244,19.65437205994884,25920.418013572693
4,64, , ,128,2,64,balanced,threads,17.593793630599976,19.79694697693009,26014.35798668861
4,40, , ,128,96,20,balanced,threads,18.73407483100891,19.954476571194217,26109.196294784542
4,40,#pragma clang unrolling full, ,8,96,80,balanced,cores,18.63140869140625,20.25190510001063,26204.319492578503
4,10, , ,128,2,128,compact,sockets,17.915513277053833,20.60874029346112,26298.285370349884
4,10, , ,2,256,20,compact,cores,18.0850772857666,20.74467432504328,26393.501336812973
4,64,#pragma clang unrolling full, ,16,8,128,balanced,cores,18.32853055000305,21.123384985313876,26488.92271757126
4,80,#pragma clang unrolling full, ,128,256,20,compact,cores,18.318857431411743,21.4052139530731,26584.237048625942
4,40, , ,128,128,200,scatter,cores,18.447472095489506,21.70723407816753,26681.27244901657
4,40, , ,96,2,20,scatter,threads,18.41727495193481,21.723323162894445,26776.357149124146
4,40, , ,2,256,80,compact,threads,18.495554447174072,21.85727002580533,26871.04682660103
4,10,#pragma clang unrolling full, ,8,128,80,compact,sockets,18.85986065864563,22.086163718358534,26966.600623607635
4,200, , ,2,96,128,scatter,threads,18.489612579345703,22.89628654330456,27061.71459174156
4,20, , ,2,8,10,compact,sockets,18.461036920547485,22.989334726575457,27156.33293104172
4,80, , ,64,128,40,scatter,threads,18.148231029510494,23.14871697323404,27250.732998371124
4,80,#pragma clang unrolling full, ,96,96,80,balanced,sockets,18.16150403022766,23.678719516934976,27346.20618915558
4,80, , ,64,96,20,balanced,cores,18.355321407318115,23.734268503072016,27441.316506385803
5,10,#pragma clang unrolling full, ,2,256,64,balanced,threads,19.858972787857056,5.996850161397752,27541.479583740234
4,200, , ,128,96,20,compact,threads,18.318607807159424,6.500956601040463,27637.47079896927
4,80, , ,8,256,128,balanced,sockets,18.29127550125122,6.853676495090356,27732.68776082993
4,80,#pragma clang unrolling full, ,96,256,20,compact,threads,18.32097005844116,7.439934176061033,27827.87993955612
