p0,p1,p2,p3,p4,p5,objective,predicted,elapsed_sec
 , , ,32,128,16,32.740093,1.5210735982160355,299.64640188217163
 , , ,4,50,256,14.661384,1.5776560113551041,438.55164074897766
 , ,"#pragma clang loop(i1,j1,k1,i2,j2) interchange permutation(j1,k1,i1,j2,i2)",100,100,16,46.385068,1.5824632903741378,862.4653899669647
 , , ,100,80,100,34.693690000000004,1.5837589159478032,1185.3027868270876
 , , ,20,50,256,14.5240315,1.5849353079451265,1326.3592450618746
 , , ,32,100,32,30.0748875,1.591953182051303,1606.5128741264346
 , , ,4,100,128,21.757905,1.5930700119226886,1814.2749667167664
 , , ,4,32,50,30.934495,1.5979637616519835,2104.3685038089748
 , ,"#pragma clang loop(i1,j1,k1,i2,j2) interchange permutation(j1,k1,i1,j2,i2)",20,128,256,16.7632305,1.5990484129395273,2264.3569238185887
 , , ,32,32,50,30.7106535,1.5999463387264397,2552.358169555664
 , ,"#pragma clang loop(i1,j1,k1,i2,j2) interchange permutation(j1,k1,i1,j2,i2)",100,80,256,16.124149499999998,1.6016136771493112,2706.134035825729
 , , ,20,20,50,30.75395,1.6035717953684323,2991.976125240326
 , , ,16,100,50,31.3432475,1.6043011868464612,3287.211832046509
 , , ,16,8,256,14.7026405,1.604474886207675,3428.4855093955994
 , , ,128,100,256,14.797372,1.6047177947421867,3571.925933122635
 , , ,16,32,20,31.049514000000002,1.6049573164305977,3859.158681869507
 , , ,20,80,256,14.823632,1.6052511309176882,4000.803933620453
 , , ,32,128,50,32.687996500000004,1.6080275547520178,4307.743245363236
 , , ,128,4,256,15.397133499999999,1.6083571496107398,4453.761929035187
 , , ,128,80,8,39.430314,1.6086384940155556,4813.977660417557
 , , ,100,100,32,43.050881,1.6089220736966747,5208.8491826057425
 , , ,128,80,20,35.32052750000001,1.6089811236839662,5533.388965845107
 , , ,32,32,20,30.993920000000006,1.6098753915098112,5824.873313903809
 , , ,50,8,50,30.1046385,1.6100202746214065,6106.214902877808
 , , ,32,128,16,46.090727,1.5210735982160355,416.8353109359741
 , , ,4,50,256,18.5390745,1.577656011355104,590.0700471401216
 , ,"#pragma clang loop(i1,j1,k1,i2,j2) interchange permutation(j1,k1,i1,j2,i2)",100,100,16,65.4899255,1.5824632903741378,1172.0791907310484
 , , ,100,80,100,47.57130100000001,1.5837589159478032,1604.9059133529665
 , , ,20,50,256,17.987957,1.5849353079451265,1776.7748713493347
 , , ,32,100,32,39.599796500000004,1.591953182051303,2153.4507608413696
 , , ,4,100,128,29.3309915,1.5930700119226886,2429.352117538452
 , , ,4,32,50,39.965048,1.5979637616519835,2808.7177567481995
 , ,"#pragma clang loop(i1,j1,k1,i2,j2) interchange permutation(j1,k1,i1,j2,i2)",20,128,256,20.1438345,1.5990484129395273,2998.122206926346
 , , ,32,32,50,40.0914545,1.5999463387264397,3368.936251163483
 , ,"#pragma clang loop(i1,j1,k1,i2,j2) interchange permutation(j1,k1,i1,j2,i2)",100,80,256,19.2201365,1.6016136771493112,3553.795156478882
 , , ,20,20,50,39.6285685,1.6035717953684323,3929.802138566971
 , , ,16,100,50,40.757195,1.6043011868464612,4316.034991264343
 , , ,16,8,256,17.472018,1.604474886207675,4488.885192632675
 , , ,128,100,256,17.844336,1.604717794742187,4663.005798578261
 , , ,16,32,20,40.536155,1.6049573164305977,5060.5923204422
 , , ,20,80,256,18.4477615,1.6052511309176882,5235.722415208817
 , , ,32,128,50,46.3578445,1.6080275547520178,5653.6690685749045
 , , ,128,4,256,19.1554855,1.6083571496107398,5833.1991147994995
 , , ,128,80,8,54.310669,1.6086384940155556,6327.426416635512
 , , ,100,100,32,60.773706499999996,1.6089220736966747,6870.834722995758
 , , ,128,80,20,49.3011075,1.6089811236839662,7324.628522634505
 , , ,32,32,20,45.383823,1.6098753915098112,7734.085634231567
 , , ,50,8,50,38.68015,1.6100202746214065,8091.71155142784
 , ,"#pragma clang loop(i1,j1,k1,i2,j2) interchange permutation(j1,k1,i1,j2,i2)",128,32,32,44.242936,1.6105198928314657,8495.238857507706
 , , ,128,16,256,17.8443735,1.6108179718150848,8670.816585063934
 , , ,4,2048,256,17.0425895,1.6112837751416913,8838.331712961197
 , , ,100,8,20,44.243219,1.6124649561133626,9241.11876988411
 , , ,64,80,256,18.4052625,1.6127947940149705,9416.59321665764
 , , ,128,32,256,18.852749499999998,1.6128994297698418,9594.274278640749
 , , ,32,2048,32,45.7612455,1.614037109906686,10023.304091215134
 , , ,100,100,128,41.130352,1.6144669097386144,10406.897469997406
 , , ,128,16,32,38.0976035,1.6144687324567004,10773.705818653109
 , , ,50,128,256,17.9487415,1.6144961184452302,10946.32682800293
 , , ,4,100,50,42.967358,1.6147047037577935,11340.10861992836
 , ,"#pragma clang loop(i1,j1,k1,i2,j2) interchange permutation(j1,k1,i1,j2,i2)",32,128,64,51.175390500000006,1.615628295574867,11817.107775688171
 , ,"#pragma clang loop(i1,j1,k1,i2,j2) interchange permutation(j1,k1,i1,j2,i2)",128,2048,256,19.6353015,1.6159180459450149,11998.792881727219
 , , ,50,128,32,43.468038,1.6160057484808132,12403.798106431961
 , ,"#pragma clang loop(i1,j1,k1,i2,j2) interchange permutation(j1,k1,i1,j2,i2)",128,80,20,53.9526315,1.6161869859413331,12896.421839952469
 , , ,32,16,32,38.7261475,1.6162381343839771,13257.352310180664
 , ,"#pragma clang loop(i1,j1,k1,i2,j2) interchange permutation(j1,k1,i1,j2,i2)",128,16,80,38.368495,1.616425226455837,13626.001851558683
 , ,"#pragma clang loop(i1,j1,k1,i2,j2) interchange permutation(j1,k1,i1,j2,i2)",50,100,256,19.4976345,1.6165775421274808,13811.938855648039
 , , ,4,50,16,45.064884000000006,1.61719336981437,14248.37336587906
 , ,"#pragma clang loop(i1,j1,k1,i2,j2) interchange permutation(j1,k1,i1,j2,i2)",96,128,256,18.8492085,1.6173042292096198,14434.13528752327
 , ,"#pragma clang loop(i1,j1,k1,i2,j2) interchange permutation(j1,k1,i1,j2,i2)",8,100,256,20.7143035,1.6175222870508836,14632.720137834549
 , , ,4,100,32,38.674265000000005,1.6175466687200817,14996.116513729097
 , , ,8,20,256,17.4450325,1.617659214164502,15168.611932277681
 , ,"#pragma clang loop(i1,j1,k1,i2,j2) interchange permutation(j1,k1,i1,j2,i2)",100,100,20,63.89923,1.6177300272231148,15755.975546836853
 , , ,128,32,100,41.344894000000004,1.6177453816940681,16132.256655931473
 , , ,128,50,50,49.323159499999996,1.617898649904309,16577.370438814167
 , ,"#pragma clang loop(i1,j1,k1,i2,j2) interchange permutation(j1,k1,i1,j2,i2)",4,80,80,43.824115,1.6180055489270746,16993.361159324646
 , , ,100,16,32,36.37589850000001,1.6180509949186055,17342.524730443954
 , , ,32,100,20,44.6767265,1.6182132755098264,17748.29801011086
 , , ,100,32,256,18.143700000000006,1.6185181669540138,17921.22737812996
 , , ,128,8,256,17.9395335,1.6196944665004416,18090.305551290512
 , , ,4,32,256,17.644398499999998,1.6197678598766128,18256.113104581837
 , , ,8,16,128,30.10739,1.6198692312928438,18531.472466468807
 , , ,4,4,80,33.5319705,1.6199329553722308,18843.09860920906
 , , ,128,2048,16,61.76684,1.620325167883864,19403.484301805496
 , ,"#pragma clang loop(i1,j1,k1,i2,j2) interchange permutation(j1,k1,i1,j2,i2)",50,128,16,52.555651,1.6204600767284638,19912.32621455193
 , , ,100,64,256,18.140705999999998,1.6207360472493306,20086.312822580338
 , , ,4,80,50,38.411861,1.6207988782413727,20455.82298541069
 , ,"#pragma clang loop(i1,j1,k1,i2,j2) interchange permutation(j1,k1,i1,j2,i2)",4,64,8,53.47353199999999,1.620813661128539,20970.060293912888
 , ,"#pragma clang loop(i1,j1,k1,i2,j2) interchange permutation(j1,k1,i1,j2,i2)",128,4,8,48.885556,1.620846331619493,21416.203039169308
 , ,"#pragma clang loop(i1,j1,k1,i2,j2) interchange permutation(j1,k1,i1,j2,i2)",32,64,256,18.208741,1.620983742456382,21605.216722726826
 , , ,32,16,256,17.666891500000002,1.6210269479359567,21780.860928058624
 , , ,96,128,16,48.6041195,1.6210461543062078,22231.024953842163
 , , ,16,128,100,37.9369235,1.6210565960913843,22587.053580760963
 , ,"#pragma clang loop(i1,j1,k1,i2,j2) interchange permutation(j1,k1,i1,j2,i2)",128,16,256,17.2475515,1.6211739224986774,22769.61089372635
 , ,"#pragma clang loop(i1,j1,k1,i2,j2) interchange permutation(j1,k1,i1,j2,i2)",8,128,80,43.873884499999996,1.6212561404767152,23176.090466976166
 , ,"#pragma clang loop(i1,j1,k1,i2,j2) interchange permutation(j1,k1,i1,j2,i2)",100,80,16,50.9045555,1.621321055788897,23641.795431137085
 , , ,64,4,4,47.1983155,1.6213813200061291,24067.503092765804
 , , ,50,8,8,49.754763,1.6214852760497351,24531.53488111496
 , , ,50,50,128,32.803901499999995,1.6216036176043154,24828.666395187378
 , , ,32,8,256,18.6983845,1.6217025347654714,25005.737768650055
 , , ,128,20,256,17.176672500000002,1.6217117119786306,25175.994817972183
 , ,"#pragma clang loop(i1,j1,k1,i2,j2) interchange permutation(j1,k1,i1,j2,i2)",128,64,8,54.3124985,1.6217300144564477,25692.166372299194
 , , ,128,128,80,50.0926445,1.6217341280292037,26163.623451471332
 , ,"#pragma clang loop(i1,j1,k1,i2,j2) interchange permutation(j1,k1,i1,j2,i2)",4,80,256,19.45405,1.6219115047328982,26349.216866731647
 , , ,4,16,256,17.419442,1.6219496685115014,26517.699980020523
 , , ,50,32,80,37.034989,1.6219748323062704,26861.49064397812
 , , ,96,128,80,51.3060105,1.6219859527449945,27331.120013713837
 , , ,32,32,256,17.6280755,1.6220233391387455,27499.593468427654
 , , ,128,100,128,38.9669315,1.6220821223236157,27884.675455093384
 , ,"#pragma clang loop(i1,j1,k1,i2,j2) interchange permutation(j1,k1,i1,j2,i2)",4,50,80,43.4033495,1.6220878590419259,28293.234477519985
 , ,"#pragma clang loop(i1,j1,k1,i2,j2) interchange permutation(j1,k1,i1,j2,i2)",16,8,128,28.3948765,1.6220901296638457,28575.643181085587
 , ,"#pragma clang loop(i1,j1,k1,i2,j2) interchange permutation(j1,k1,i1,j2,i2)",96,100,80,52.4011715,1.6220964370395772,29051.268040657047
 , , ,128,100,80,52.860595499999995,1.6223361871028663,29535.96166062355
 , , ,4,8,256,18.033151999999998,1.6223537564103063,29710.126955986027
 , ,"#pragma clang loop(i1,j1,k1,i2,j2) interchange permutation(j1,k1,i1,j2,i2)",100,128,256,18.756656500000002,1.6224654938507006,29889.46447777748
 , , ,128,32,50,41.351541999999995,1.6225551508924076,30282.357552289966
 , , ,20,8,8,49.561961,1.6226068855474036,30732.057421207428
 , ,"#pragma clang loop(i1,j1,k1,i2,j2) interchange permutation(j1,k1,i1,j2,i2)",100,8,4,47.337521,1.622607219049273,31188.852530717853
 , , ,100,32,4,55.23458299999999,1.622938495981144,31685.381074428566
 , ,"#pragma clang loop(i1,j1,k1,i2,j2) interchange permutation(j1,k1,i1,j2,i2)",4,80,100,40.702862,1.6229537773487352,32064.724337816235
 , , ,20,20,256,17.672804,1.6229845713172169,32233.189016103745
 , , ,16,16,256,16.213680500000002,1.6229858599313403,32402.05322408676
 , , ,96,100,32,51.827991,1.6229893358002132,32878.97155547142
 , , ,4,16,50,39.889981,1.6229995047280523,33256.15400648116
 , , ,20,80,100,37.192019,1.6230617671526606,33603.440696716316
 , , ,100,4,256,16.8651535,1.6230846928724736,33774.078469991684
 , , ,32,16,128,30.867470500000003,1.6232102024434605,34051.00630116463
 , , ,8,50,64,38.376346500000004,1.62321158309792,34403.484095573425
 , , ,128,80,256,16.9174915,1.6232497788804512,34576.32706451416
 , ,"#pragma clang loop(i1,j1,k1,i2,j2) interchange permutation(j1,k1,i1,j2,i2)",96,50,256,19.5400815,1.6232579572119377,34765.32770681381
 , ,"#pragma clang loop(i1,j1,k1,i2,j2) interchange permutation(j1,k1,i1,j2,i2)",100,128,8,63.2949965,1.6232733565346866,35339.73318243027
 , , ,50,64,80,42.6339865,1.6233273914097073,35720.083954334266
 , , ,50,4,256,19.247157,1.6233682857063898,35902.82607650757
 , , ,100,20,50,40.190233,1.623396568373494,36272.71248340607
 , , ,128,128,32,58.349716,1.6234133459391848,36810.317135334015
 , , ,8,128,16,44.983501,1.6234176561452724,37217.94372940064
 , , ,64,16,256,17.839892000000003,1.6234215969540566,37388.290821790695
 , ,"#pragma clang loop(i1,j1,k1,i2,j2) interchange permutation(j1,k1,i1,j2,i2)",32,128,128,36.7221595,1.6234272095632902,37743.20038986206
 , ,"#pragma clang loop(i1,j1,k1,i2,j2) interchange permutation(j1,k1,i1,j2,i2)",128,80,32,53.742129000000006,1.6235227368710683,38232.664861917496
 , ,"#pragma clang loop(i1,j1,k1,i2,j2) interchange permutation(j1,k1,i1,j2,i2)",64,100,8,57.874573,1.6235355653684214,38753.610902786255
 , , ,16,50,256,17.4956265,1.6235398698454455,38918.750077724464
 , ,"#pragma clang loop(i1,j1,k1,i2,j2) interchange permutation(j1,k1,i1,j2,i2)",32,100,256,19.6216295,1.623548039851516,39105.47744846344
 , , ,100,100,256,17.475676999999994,1.6235926695946932,39273.617690563195
 , ,"#pragma clang loop(i1,j1,k1,i2,j2) interchange permutation(j1,k1,i1,j2,i2)",4,4,256,19.2679855,1.62362823168895,39456.743163108826
 , ,"#pragma clang loop(i1,j1,k1,i2,j2) interchange permutation(j1,k1,i1,j2,i2)",100,128,64,57.834279,1.6236414450108696,39986.553098917015
 , ,"#pragma clang loop(i1,j1,k1,i2,j2) interchange permutation(j1,k1,i1,j2,i2)",128,16,128,34.997181,1.6236689590693545,40300.029216766365
 , , ,100,8,8,50.2116475,1.623676619714039,40767.25882792473
 , , ,4,100,8,45.0483825,1.6236791443116316,41196.10868310928
 , ,"#pragma clang loop(i1,j1,k1,i2,j2) interchange permutation(j1,k1,i1,j2,i2)",4,128,8,57.5047185,1.6237214383401417,41718.68941283226
 , , ,4,16,32,38.553221,1.623729922202271,42067.11338448525
 , , ,128,8,50,39.430222,1.6237402115903803,42426.20749926567
 , ,"#pragma clang loop(i1,j1,k1,i2,j2) interchange permutation(j1,k1,i1,j2,i2)",16,8,256,20.077171,1.6237616436317557,42619.99128723145
 , , ,16,32,32,39.4697315,1.6238225494691818,42975.131989002235
 , , ,96,100,256,16.810267,1.6238302945597531,43146.377685308464
 , , ,96,80,256,18.165693,1.6238768155928065,43324.007326602936
 , ,"#pragma clang loop(i1,j1,k1,i2,j2) interchange permutation(j1,k1,i1,j2,i2)",50,80,50,51.3537365,1.6238933251689986,43807.472073316574
 , ,"#pragma clang loop(i1,j1,k1,i2,j2) interchange permutation(j1,k1,i1,j2,i2)",32,16,16,45.444503000000005,1.623914600588002,44214.53557538986
 , ,"#pragma clang loop(i1,j1,k1,i2,j2) interchange permutation(j1,k1,i1,j2,i2)",96,100,32,63.946194999999996,1.623914988923726,44789.232244253166
 , , ,128,100,16,54.435059,1.6239294998202105,45283.8268699646
 , , ,64,16,4,48.9265755,1.623965606182992,45711.20515751839
 , ,"#pragma clang loop(i1,j1,k1,i2,j2) interchange permutation(j1,k1,i1,j2,i2)",128,128,8,66.54876750000001,1.6240293972559916,46298.168739795685
 , ,"#pragma clang loop(i1,j1,k1,i2,j2) interchange permutation(j1,k1,i1,j2,i2)",128,100,100,45.5196375,1.6240451165444154,46712.31387758255
 , , ,50,8,256,17.960461499999997,1.6240509959783174,46884.92786073685
 , ,"#pragma clang loop(i1,j1,k1,i2,j2) interchange permutation(j1,k1,i1,j2,i2)",50,128,8,58.601991000000005,1.6240591822818888,47413.607694864266
 , , ,16,100,256,17.5353025,1.6240600130057712,47578.785044670105
 , ,"#pragma clang loop(i1,j1,k1,i2,j2) interchange permutation(j1,k1,i1,j2,i2)",128,8,4,50.029540999999995,1.624087566674946,48041.299901008606
 , , ,50,16,4,44.125421,1.6240958419856162,48455.317948818214
 , , ,4,64,8,49.9554805,1.6241368890646397,48912.25901985169
 , ,"#pragma clang loop(i1,j1,k1,i2,j2) interchange permutation(j1,k1,i1,j2,i2)",100,128,128,41.94754,1.6241525833673356,49296.72439694405
 , , ,50,80,256,18.090594,1.624188455147194,49472.560710668564
 , ,"#pragma clang loop(i1,j1,k1,i2,j2) interchange permutation(j1,k1,i1,j2,i2)",4,32,8,53.187208,1.6241908890988508,49955.199942588806
 , , ,16,2048,100,41.156363,1.6241970617046404,50331.91161441803
 , , ,32,128,64,46.20463700000001,1.6242102890444077,50743.79512643813
 , ,"#pragma clang loop(i1,j1,k1,i2,j2) interchange permutation(j1,k1,i1,j2,i2)",128,32,80,44.8908465,1.6242109545820076,51155.20405960083
 , , ,96,32,8,54.47957099999999,1.6242482161913985,51647.693769931786
 , ,"#pragma clang loop(i1,j1,k1,i2,j2) interchange permutation(j1,k1,i1,j2,i2)",4,8,256,18.8221775,1.6242713182369062,51826.37649440765
 , , ,128,128,256,17.9424075,1.624285814188833,51994.957433462136
 , , ,8,128,256,17.606288499999994,1.6243105407767635,52163.07927465438
 , , ,16,8,8,49.2359175,1.6243262493623425,52624.8466706276
 , ,"#pragma clang loop(i1,j1,k1,i2,j2) interchange permutation(j1,k1,i1,j2,i2)",100,32,256,19.4403055,1.6243370661167742,52809.06958150863
 , , ,50,8,64,38.2332755,1.6243594482691954,53161.859070301056
 , , ,50,20,256,17.131866000000002,1.624360239080555,53332.81214570999
 , , ,128,64,20,46.8486945,1.624361383693952,53783.778930187225
 , ,"#pragma clang loop(i1,j1,k1,i2,j2) interchange permutation(j1,k1,i1,j2,i2)",16,20,256,20.7555625,1.6243776538311392,53986.69491839409
 , ,"#pragma clang loop(i1,j1,k1,i2,j2) interchange permutation(j1,k1,i1,j2,i2)",50,8,100,34.4962625,1.62438143230981,54308.57410120964
 , ,"#pragma clang loop(i1,j1,k1,i2,j2) interchange permutation(j1,k1,i1,j2,i2)",4,16,256,17.886592999999994,1.6244050267605994,54492.33834862709
 , , ,100,2048,20,69.30244549999999,1.6244110781960632,55104.05162024498
 , ,"#pragma clang loop(i1,j1,k1,i2,j2) interchange permutation(j1,k1,i1,j2,i2)",32,128,20,55.5672345,1.6244180143191778,55610.279436349876
 , ,"#pragma clang loop(i1,j1,k1,i2,j2) interchange permutation(j1,k1,i1,j2,i2)",4,64,256,18.8481125,1.624429142728714,55788.232601881034
 , , ,96,20,8,52.6614075,1.6244465673736297,56269.830790281296
 , , ,16,4,32,38.646629499999996,1.6244684420842932,56618.6829957962
 , , ,100,16,128,32.631057500000004,1.6244728395761228,56910.104597330086
 , , ,128,128,20,58.30928,1.6245134288963727,57437.02770161629
 , , ,16,100,16,43.9945925,1.6245431320293195,57841.63858819008
 , , ,16,32,80,38.162348,1.6245449739996822,58183.00162196159
 , , ,128,100,32,58.2433515,1.6245496279068825,58713.02978134155
 , ,"#pragma clang loop(i1,j1,k1,i2,j2) interchange permutation(j1,k1,i1,j2,i2)",16,128,256,19.171863,1.6245526046181016,58907.595759391785
 , , ,32,80,20,44.05982,1.6245643989850087,59309.180470943444
 , , ,16,80,128,29.889053499999996,1.6245679872831544,59588.82187128068
 , ,"#pragma clang loop(i1,j1,k1,i2,j2) interchange permutation(j1,k1,i1,j2,i2)",16,100,20,52.2918735,1.6245825198125867,60093.194730520256
 , ,"#pragma clang loop(i1,j1,k1,i2,j2) interchange permutation(j1,k1,i1,j2,i2)",128,128,256,19.0957275,1.624587805418909,60276.14779925346
 , , ,64,20,256,17.802882500000006,1.6245943447016986,60444.636683225624
 , , ,80,16,8,52.782612,1.6245984776871023,60924.72343111037
 , , ,8,2048,100,37.9794695,1.6246030567545515,61275.471401929855
 , , ,64,128,256,18.341865,1.6246036919759024,61448.656736850746
 , ,"#pragma clang loop(i1,j1,k1,i2,j2) interchange permutation(j1,k1,i1,j2,i2)",128,8,16,45.109941,1.624606147387134,61856.640275478356
 , ,"#pragma clang loop(i1,j1,k1,i2,j2) interchange permutation(j1,k1,i1,j2,i2)",4,100,256,17.8079095,1.624614191116606,62036.81462287902
 , ,"#pragma clang loop(i1,j1,k1,i2,j2) interchange permutation(j1,k1,i1,j2,i2)",100,64,256,19.388279500000003,1.6246251658744746,62219.78871273993
 , , ,128,128,8,58.526309,1.6246318509295,62757.906999826424
 , , ,50,2048,256,17.850684,1.6246367550882026,62926.7137761116
 , , ,4,100,256,18.049412,1.6246547134716625,63094.88031744957
 , , ,8,100,8,46.936312,1.6246547236611784,63529.302097320564
 , , ,96,8,256,17.960686000000006,1.6246613707668862,63698.58854222298
 , , ,80,128,32,47.510989,1.6246619846872894,64138.22436189652
 , , ,32,128,256,17.6312825,1.624683987481664,64308.599238395684
 , , ,4,32,8,48.8359885,1.6246990856799275,64756.714582443245
 , , ,50,64,256,17.8911245,1.6247120878564765,64928.271905899055
 , , ,16,8,16,44.497746500000005,1.6247153814830804,65330.45299005509
 , , ,16,32,128,29.2790815,1.6247196430275166,65599.61091637611
 , , ,8,8,256,17.900033999999994,1.6247317859806478,65770.10114955902
 , , ,32,64,256,18.283185,1.6247358543075887,65940.33776211739
 , , ,50,80,32,40.053698,1.6247414326730534,66314.96656417848
 , , ,96,8,8,50.760138500000004,1.6247614616621804,66769.66471362114
 , , ,128,8,8,50.6879825,1.6247797824996164,67228.41149067879
 , , ,4,32,64,38.095902,1.6247819497820901,67574.97350049019
 , , ,96,100,20,50.4029475,1.6247870766155434,68036.53025889398
 , , ,100,20,128,32.3722615,1.6248004708016994,68330.59075856209
 , ,"#pragma clang loop(i1,j1,k1,i2,j2) interchange permutation(j1,k1,i1,j2,i2)",4,80,16,51.0495175,1.6248107863973218,68797.82793664932
 , , ,20,128,256,16.268269500000002,1.6248277802817916,68963.9919924736
 , , ,4,128,256,18.408663500000007,1.624860113322087,69140.49055814742
 , , ,80,2048,256,18.266370499999997,1.6248865965448,69313.23175263405
 , , ,8,100,256,18.3123275,1.62488807606843,69484.39541578293
 , ,"#pragma clang loop(i1,j1,k1,i2,j2) interchange permutation(j1,k1,i1,j2,i2)",32,8,128,31.582959499999998,1.6249187009073092,69774.54799890518
 , , ,80,128,16,46.86783300000001,1.6249221841210886,70207.77944946289
 , , ,50,80,8,53.1384315,1.6249249029998405,70684.49937796593
 , , ,20,16,256,18.085501,1.624927100299946,70855.39081120491
 , , ,128,80,128,38.785385,1.6249301514386196,71221.50454783441
 , , ,128,100,64,58.239926000000004,1.624935968517237,71749.89763760567
 , , ,32,80,256,18.523935,1.6249402372260064,71925.18691158295
 , ,"#pragma clang loop(i1,j1,k1,i2,j2) interchange permutation(j1,k1,i1,j2,i2)",96,100,256,18.972757,1.624956775615167,72105.49395942688
 , , ,50,16,100,36.225768,1.6249619180286583,72437.49044203758
 , , ,80,32,8,53.752399,1.6249634281658678,72923.61735892296
 , , ,128,100,20,56.332303,1.6249728633984253,73437.20262289047
 , , ,20,100,256,17.642788000000003,1.6249753838762773,73603.59683728218
 , , ,128,32,80,39.120531,1.6249806724388396,73984.47335338593
 , , ,100,16,256,16.542806,1.6249806804099631,74153.21227931976
 , , ,32,80,8,54.403074,1.6249840864041192,74639.63115334512
 , ,"#pragma clang loop(i1,j1,k1,i2,j2) interchange permutation(j1,k1,i1,j2,i2)",128,32,256,19.101465,1.6249952343617764,74822.82240056992
 , , ,16,2048,4,52.517954,1.6249984355114842,75295.9855492115
 , , ,4,2048,20,44.8745345,1.6250023781668164,75712.6153755188
 , ,"#pragma clang loop(i1,j1,k1,i2,j2) interchange permutation(j1,k1,i1,j2,i2)",100,20,256,19.943611999999998,1.6250063707476037,75898.79537272452
 , ,"#pragma clang loop(i1,j1,k1,i2,j2) interchange permutation(j1,k1,i1,j2,i2)",16,16,80,37.126483,1.6250144095796069,76246.550116539
 , ,"#pragma clang loop(i1,j1,k1,i2,j2) interchange permutation(j1,k1,i1,j2,i2)",32,8,256,19.6989405,1.6250152798452095,76433.19863963129
 , , ,16,64,128,29.973029999999998,1.6250194859464275,76709.07031536102
 , , ,32,2048,50,52.1243135,1.6250251416833836,77180.42330646515
 , ,"#pragma clang loop(i1,j1,k1,i2,j2) interchange permutation(j1,k1,i1,j2,i2)",32,128,80,46.886849,1.6250262192795673,77616.52659344673
 , ,"#pragma clang loop(i1,j1,k1,i2,j2) interchange permutation(j1,k1,i1,j2,i2)",128,100,20,64.2473995,1.6250399647477811,78194.5953783989
 , , ,96,128,32,52.900889,1.6250451420321388,78684.90891385077
 , ,"#pragma clang loop(i1,j1,k1,i2,j2) interchange permutation(j1,k1,i1,j2,i2)",4,32,20,46.752847499999994,1.625045752379081,79098.94787716866
 , ,"#pragma clang loop(i1,j1,k1,i2,j2) interchange permutation(j1,k1,i1,j2,i2)",8,16,256,21.657711,1.6250486101140522,79304.54970026016
 , ,"#pragma clang loop(i1,j1,k1,i2,j2) interchange permutation(j1,k1,i1,j2,i2)",128,100,256,19.101589500000006,1.6250493396334482,79483.63715791702
 , , ,96,32,64,43.630109999999995,1.6250524431940263,79871.48123383522
 , , ,4,128,16,44.956333,1.6250534166318882,80283.90949726106
 , ,"#pragma clang loop(i1,j1,k1,i2,j2) interchange permutation(j1,k1,i1,j2,i2)",100,128,80,52.578934499999995,1.6250559407861631,80770.1016869545
 , , ,4,16,16,44.93138550000001,1.6250709162071884,81177.80807042122
 , ,"#pragma clang loop(i1,j1,k1,i2,j2) interchange permutation(j1,k1,i1,j2,i2)",4,32,256,19.1353165,1.625071567880604,81356.36145019531
 , ,"#pragma clang loop(i1,j1,k1,i2,j2) interchange permutation(j1,k1,i1,j2,i2)",4,32,128,34.630840500000005,1.625072536554647,81672.80639338492
 , , ,80,100,80,47.485915999999996,1.6250746635198114,82122.09828281403
 , ,"#pragma clang loop(i1,j1,k1,i2,j2) interchange permutation(j1,k1,i1,j2,i2)",50,16,20,44.5668685,1.6250786196520193,82533.71430897713
 , , ,100,100,8,57.28667049999999,1.6250805086568656,83063.56016469003
 , , ,100,128,8,57.813259499999994,1.5560958509918117,83587.88960623741
 , , ,96,64,8,56.396714,1.5784775760981975,84097.0990486145
 , ,"#pragma clang loop(i1,j1,k1,i2,j2) interchange permutation(j1,k1,i1,j2,i2)",4,100,4,53.335472499999995,1.5926112751949328,84611.41501116753
 , , ,96,100,16,47.837071,1.5948519901562883,85049.036714077
 , , ,4,100,80,37.56627500000001,1.5952921495229664,85391.27505993843
 , , ,128,16,16,30.901475,1.5964141043174107,85697.80873703957
 , , ,50,16,8,37.86651,1.6019768584370535,86048.69929265976
 , ,"#pragma clang loop(i1,j1,k1,i2,j2) interchange permutation(j1,k1,i1,j2,i2)",8,128,8,38.452184,1.6107544494916748,86403.62467265129
 , , ,32,128,16,31.7167975,1.5210735982160355,298.1121623516083
 , , ,4,50,256,14.494793000000001,1.5776560113551041,439.8096036911011
 , ,"#pragma clang loop(i1,j1,k1,i2,j2) interchange permutation(j1,k1,i1,j2,i2)",100,100,16,45.6279615,1.5824632903741378,859.9796779155731
 , , ,100,80,100,34.8409805,1.583758915947803,1183.5383961200714
 , , ,20,50,256,14.630476,1.5849353079451263,1323.9529774188995
 , , ,32,100,32,29.763486,1.5919531820513033,1601.419662475586
 , , ,4,100,128,22.098504499999997,1.5930700119226886,1809.0197970867157
 , , ,4,32,50,31.2147605,1.5979637616519835,2099.6381497383118
 , ,"#pragma clang loop(i1,j1,k1,i2,j2) interchange permutation(j1,k1,i1,j2,i2)",20,128,256,16.5896625,1.5990484129395273,2257.621584892273
 , , ,32,32,50,30.934487,1.5999463387264397,2545.8259596824646
 , ,"#pragma clang loop(i1,j1,k1,i2,j2) interchange permutation(j1,k1,i1,j2,i2)",100,80,256,15.806978,1.6016136771493112,2698.994611263275
 , , ,20,20,50,30.60613,1.6035717953684323,2983.793642282486
 , , ,16,100,50,31.671028,1.6043011868464612,3279.3828394412994
 , , ,16,8,256,14.8129525,1.604474886207675,3420.865843772888
 , , ,128,100,256,14.8809755,1.6047177947421867,3563.722094297409
 , , ,16,32,20,30.7598575,1.6049573164305977,3850.253736257553
 , , ,20,80,256,14.5997385,1.6052511309176882,3990.373373746872
 , , ,32,128,50,32.842036,1.6080275547520178,4296.932690143585
 , , ,128,4,256,15.126071,1.6083571496107398,4441.655502080917
 , , ,128,80,8,38.9240795,1.6086384940155556,4801.870455026627
 , , ,100,100,32,42.461529,1.6089220736966747,5194.096794605255
 , , ,128,80,20,34.35923699999999,1.6089811236839662,5513.229779720306
 , , ,32,32,20,31.1172035,1.6098753915098112,5801.966683626175
